"X.M.I82T.","t.freq."
"M:I82T",12493
"N:D63G",12695
"N:S202I",11851
"N:R203M",12529
"N:G215C",12731
"N:D377Y",12730
"ORF1a:A1306S",12684
"ORF1a:P2046L",12657
"ORF1a:P2287S",12584
"ORF1a:A2355V",1
"ORF1a:A2529V",12701
"ORF1a:V2930L",12698
"ORF1a:T3255I",12699
"ORF1a:T3646A",12695
"ORF1b:K82E",1508
"ORF1b:P314L",12734
"ORF1b:G662S",12218
"ORF1b:P1000L",12734
"ORF1b:A1918V",12733
"ORF3a:S26L",12735
"ORF7a:V82A",11740
"ORF7a:T120I",12563
"ORF7b:T40I",12599
"ORF9b:T60A",12695
"S:T19R",12736
"S:V36F",12718
"S:T95I",11468
"S:G142D",11079
"S:Y145H",12041
"S:R158G",12708
"S:A222V",12060
"S:L452R",12706
"S:T478K",12708
"S:D614G",12735
"S:P681R",12677
"S:D950N",12630
"ORF7a:R80G",96
"ORF1a:A482V",521
"ORF1b:P1427L",517
"ORF1a:E1205D",14
"ORF1a:V1783F",15
"ORF1a:Y2003N",2
"ORF1a:L3116F",20
"S:L5F",68
"S:D138Y",13
"S:V1128I",14
"N:M210I",5
"ORF1a:T568I",18
"ORF1a:T2106I",434
"ORF1a:G4203S",538
"ORF1a:Y576C",294
"ORF1a:K2928N",285
"ORF1a:A4357V",213
"ORF3a:R68I",2891
"E:S55F",40
"N:G243C",36
"ORF1a:P959S",30
"ORF1a:T1589I",3
"ORF1a:T3090I",74
"ORF1b:T634I",83
"ORF7a:I10T",73
"E:R61H",1
"ORF1a:P1220L",2
"ORF1a:A2139V",42
"ORF1b:S1182L",42
"ORF3a:T9K",42
"S:V1122L",1
"ORF1a:R184C",6
"ORF1a:G2258C",3
"S:P1263L",1
"S:I468V",1
"ORF1a:P1640L",1
"ORF1a:M3087I",1
"ORF1a:A3209V",3
"ORF1a:C3419W",1
"ORF1a:V3718A",1
"ORF1a:T3750I",1
"ORF3a:A54S",22
"S:P330S",19
"ORF3a:L53F",4
"ORF7a:I88T",1
"S:N658K",1
"M:A98V",75
"ORF1a:G519S",54
"ORF1b:V2389I",1
"ORF1a:V3281I",1
"ORF1b:V222F",36
"ORF1a:T1216I",2
"ORF1b:K1199N",3
"ORF1b:T1522I",3
"S:L54F",9
"S:S1252F",2
"ORF1a:P4075S",3
"ORF1a:I396T",136
"ORF1a:G268R",38
"ORF1a:T403A",37
"ORF1b:M620I",4
"ORF7a:V24F",9
"ORF1a:L1450I",2
"ORF1b:M617L",66
"ORF1b:V2073L",66
"ORF1a:D2582G",13
"ORF1b:V767L",5
"ORF1a:L2969F",5
"ORF1a:A2944V",24
"ORF1a:L3606F",239
"ORF1b:E2661D",102
"ORF1b:A1432V",5
"N:S327L",279
"ORF1a:A2637V",1
"ORF1a:M4390I",1
"ORF1a:N267Y",1
"ORF1a:A339V",30
"ORF1b:P2313L",22
"ORF1a:V108I",63
"ORF1b:M1197I",1
"ORF1a:A1049V",5
"ORF1a:T1678I",4
"ORF1b:A647V",1
"ORF1a:T2791I",183
"ORF1a:A3497V",2
"S:A672V",185
"ORF3a:D210Y",64
"ORF1a:Y1465C",5
"S:A892V",2
"E:L21F",3
"S:P809L",267
"ORF1a:T2274I",299
"ORF1a:Y2397C",1
"ORF1b:G2610S",298
"S:G72E",6
"M:C86F",4
"ORF3a:T223I",7
"ORF7a:T115I",7
"ORF6:T21I",3
"ORF1b:M1596I",8
"ORF1b:Y710C",2
"ORF1a:P1919S",2
"N:N154K",1
"ORF1b:P2256S",13
"ORF1a:P1010L",10
"ORF1a:V2340I",19
"ORF1a:A903V",2
"S:Q173H",2
"ORF1a:N3937S",3
"ORF1a:V35L",1
"ORF1a:Q44R",1
"ORF1a:P3395S",4
"ORF1b:H1213Y",8
"ORF7b:V21F",1
"S:N148S",1
"ORF1a:I573T",2
"ORF1a:I3035V",2
"N:G18V",25
"ORF1b:L627F",24
"ORF1b:N1025T",24
"ORF9b:V15L",25
"M:V23I",120
"N:P279Q",57
"ORF1a:D1742N",7
"S:R21T",8
"ORF1a:G52D",2
"S:E471Q",1
"ORF1a:A2856V",5
"ORF1a:V4250L",1
"ORF1b:L1179F",1
"S:I788M",1
"ORF1b:V2342M",3
"ORF1b:T2548I",53
"ORF8:W45L",11
"S:V1264L",4
"N:A211M",1
"ORF3a:D155Y",5
"ORF1a:A2040T",1
"ORF1a:K1305R",1
"ORF1a:S330L",1
"ORF1a:A2584V",11
"ORF1a:E792K",421
"N:P326S",102
"N:S180I",2
"ORF1b:K2557R",137
"N:I351L",13
"ORF1b:E341D",8
"ORF1b:Q813H",17
"ORF1a:L2688F",2
"ORF8:A65S",6
"ORF1a:A859T",99
"ORF7a:F63H",6
"E:V25A",1
"ORF1b:T1817N",3
"ORF1b:K2310R",13
"ORF1a:N3537D",28
"ORF1a:R3561I",1
"ORF1a:K367E",1
"ORF1a:T1240A",2
"ORF1b:L1701F",1
"ORF1a:P892S",1
"ORF1a:N3484Y",1
"ORF1b:K2115E",1
"ORF1b:P2612L",33
"ORF1b:R2613N",50
"ORF1b:P1223L",3
"ORF1a:L2620F",1
"ORF1a:L173P",3
"ORF8:G66D",66
"ORF1b:E1085D",47
"ORF7a:R80T",29
"ORF7a:A105V",34
"ORF3a:T217I",3
"M:I82P",64
"ORF1b:F685Y",5219
"ORF1a:A690V",4
"ORF3a:G172C",1
"ORF1a:V2857A",2021
"S:S359R",91
"ORF1b:G99S",23
"ORF8:C25Y",2
"ORF1a:P1472S",1
"ORF1a:L3060F",5
"ORF1b:G2201C",59
"ORF1a:T2154I",2
"ORF1a:A1268T",62
"ORF1b:S2673I",30
"ORF1b:I162M",49
"ORF8:R101L",52
"ORF1a:N272D",4
"ORF3a:Y154F",4
"ORF1a:P193L",4
"ORF7a:Q62*",23
"ORF3a:D173Y",1
"N:A359T",2
"ORF1a:K3353R",158
"S:P479L",3
"ORF1a:M297I",2
"ORF1a:Q362K",23
"ORF7a:Q21L",4
"ORF1b:I162V",6
"ORF1a:A516V",5
"ORF1a:S2797F",3
"S:G75R",105
"S:G1124V",19
"ORF1a:Q2034H",21
"ORF1a:T4083M",6
"ORF1a:N447D",13
"ORF1a:V627A",1
"ORF1a:L2062F",10
"ORF3a:P159S",28
"S:P1162L",13
"ORF1b:P1427S",10
"M:K15N",2
"ORF1b:A373T",7
"ORF1a:D4043G",94
"ORF1a:I3779V",80
"ORF1b:K2111R",80
"N:D343N",2
"ORF1a:E113K",2
"ORF3a:G100C",122
"ORF1a:R171H",5
"S:A879T",1
"ORF1b:V2685F",3
"ORF1b:L362S",3
"ORF6:K23*",1
"ORF1a:A1306F",6
"ORF3a:S40L",16
"S:C1236F",49
"ORF1b:P1727L",21
"ORF1a:L864F",7
"ORF1a:H83Y",10
"S:Q183P",3
"ORF1b:D145G",2
"ORF1b:R2613C",2
"ORF1b:R1315C",3
"ORF1a:T2877I",13
"ORF1a:D3508N",1
"ORF1a:P3134L",5
"ORF1b:T1404M",3
"ORF1a:H110Y",14
"ORF6:M58L",6
"S:G181V",6
"ORF1b:Y822H",15
"S:T415S",4
"ORF1a:I2286M",1
"ORF1a:T1754I",16
"ORF3a:L147F",6
"ORF1a:P1862L",46
"ORF1a:T1682I",157
"ORF1b:R1430K",17
"ORF1a:D935Y",5
"ORF7b:L11F",14
"ORF1a:T554N",1
"N:P383L",4
"ORF1a:P1950S",1
"ORF1a:V3367I",1
"ORF3a:L95F",19
"S:T678I",3
"S:D936N",1
"ORF1a:T1854I",10
"ORF1a:R2515I",6
"N:Q349L",8
"S:S98F",5
"ORF1a:G137V",8
"S:C1247F",13
"ORF1a:T2152I",18
"ORF1a:P2287F",95
"ORF1a:V3005I",38
"ORF1b:P2531T",1
"ORF9b:T72I",11
"S:A263S",4
"ORF1a:S3950F",2
"S:G184D",2
"S:P1162S",70
"ORF1a:Q1021H",93
"ORF1a:M1193L",1
"ORF1a:H45Y",79
"ORF1b:R1737H",5
"ORF1a:S135G",3
"N:P67L",10
"ORF1a:T1241I",77
"ORF1a:I2538T",7
"ORF9b:L64F",10
"ORF1a:D2136G",59
"ORF1a:P2079S",10
"ORF1b:T635M",3
"ORF8:I74V",3
"N:A218S",1
"ORF1b:Q175R",4
"ORF1a:L1034F",2
"ORF3a:M260K",1
"ORF8:T11K",1
"ORF1b:A1521S",48
"S:N148T",5
"S:F306L",52
"ORF1a:A206S",2
"ORF1a:R287S",5
"N:T366I",2
"ORF1a:S1857L",17
"ORF3a:V244F",15
"ORF3a:E261*",2
"ORF8:S54L",6
"S:G257D",17
"ORF1a:T882I",30
"ORF1a:D2525Y",21
"ORF3a:T208I",30
"ORF1a:A2557V",1
"ORF1a:A4307S",1
"ORF3a:S40P",2
"ORF1a:V56F",1
"N:L161V",1
"ORF1a:V1290I",1
"ORF1a:S1733I",115
"ORF8:S67F",10
"ORF1a:Q607H",37
"ORF1a:K322R",29
"ORF1a:T1761I",1
"ORF1a:A2575V",4
"ORF1b:A647S",5
"S:H1058Y",9
"ORF1a:S3195G",6
"ORF1a:T4355I",42
"ORF3a:P42H",14
"N:L331F",4
"ORF7a:I10V",3
"S:T1116S",3
"ORF1a:R1386C",2
"ORF1a:T2300S",1
"ORF1a:T3791N",45
"ORF1b:T1050I",5
"S:V1228L",2
"ORF1a:V2613F",1
"ORF3a:S165F",10
"ORF3a:H182Y",11
"ORF1a:A405T",2
"ORF1a:V3104I",2
"S:I850V",1
"ORF1b:I214M",7
"ORF1a:S1612L",2
"ORF1a:G3757C",16
"ORF1a:P1811L",1
"ORF1a:R2860S",1
"ORF3a:L52F",2
"ORF3a:K16N",13
"ORF1b:E1242G",1
"ORF1a:I453T",24
"ORF1a:E87K",5
"ORF1a:A3143V",18
"ORF9b:G38D",16
"ORF1a:K1202N",446
"ORF1a:E1564A",376
"ORF1b:M2657I",4
"ORF7a:T39I",30
"ORF1a:C3682Y",34
"S:K1191E",7
"S:H519N",1
"S:S680F",18
"S:A694V",2
"ORF1a:I1259T",5
"ORF7a:V108M",5
"ORF1a:N1995H",8
"ORF7a:T61I",4
"ORF1a:P2110L",153
"ORF1a:T4202I",133
"ORF1a:G192D",3
"ORF1a:E870K",26
"ORF1b:P2116S",16
"N:D399H",1
"ORF8:R52I",7
"ORF7a:S36P",2
"ORF1b:T1774I",10
"ORF1a:L1115R",6
"ORF7a:H73Y",3
"ORF1a:H1838Y",8
"ORF1a:A2944T",2
"ORF1b:T899I",13
"ORF1a:E948V",1
"ORF1b:K1873N",3
"ORF1a:V5A",6
"ORF1a:T1250I",45
"ORF1b:Y166H",87
"E:V5I",4
"ORF1b:S2363F",3
"N:T366P",2
"ORF1a:C3762F",2
"ORF7a:C23F",4
"ORF7a:Q90*",2
"S:S112L",1
"ORF1a:A540V",4
"ORF7a:T28I",17
"S:S71P",28
"ORF3a:S60F",3
"ORF1b:N1018K",3
"ORF9b:R32L",15
"ORF1a:S443F",39
"ORF1a:A1156V",2
"ORF1b:T1511I",19
"ORF1b:A1131V",3
"ORF3a:T24I",5
"ORF8:I76T",8
"ORF1a:T350I",1
"ORF1a:S302F",99
"ORF1a:H1108Y",28
"ORF1a:A486V",5
"ORF1a:P1803S",49
"ORF1b:Y1971H",1
"ORF1b:R945K",3
"ORF1a:S3946L",1
"ORF1b:L1933F",17
"ORF3a:Y91H",6
"ORF1a:T1496I",2
"ORF1b:V2192I",1
"ORF1a:K1098E",1
"ORF1a:G345C",1
"ORF1a:H3076Y",11
"S:G769E",1
"M:T127N",1
"ORF1a:P305S",13
"ORF1b:M890I",13
"ORF1b:V2178F",124
"ORF1b:N2694L",78
"ORF1b:N2695*",78
"N:A35V",1
"ORF9b:R32C",1
"ORF1a:S376L",111
"ORF1a:P1284S",1
"ORF1a:T2277I",1
"N:A308S",105
"ORF1b:V463A",65
"N:A208I",203
"ORF1a:E1724D",107
"ORF1a:A2355S",106
"ORF1a:S2547L",107
"ORF1a:V3572L",113
"ORF1b:D349N",3
"ORF1a:A967S",41
"S:R765L",18
"ORF1b:Q2425K",3
"S:Q218E",61
"ORF1a:A801V",4
"ORF1b:K1447N",5
"ORF3a:I47V",1
"ORF1b:E1184D",2
"S:T1117I",5
"S:T1231A",2
"S:A899S",339
"N:T135I",2
"N:A182S",18
"ORF1a:L969F",1
"ORF1a:F924C",20
"ORF1a:A211V",2
"ORF1a:C1833R",1
"ORF1a:V665G",226
"ORF1b:R1260C",3
"ORF1a:T2967I",5
"S:T618I",2
"ORF1b:Q1589R",1
"S:P251S",1
"S:T716I",9
"ORF1a:S1510F",33
"ORF1a:V2816F",29
"ORF1a:V649F",5
"ORF3a:A54V",9
"ORF1a:G1100S",3
"S:S366F",3
"ORF1a:G1288S",1
"ORF1a:K2511N",1
"ORF3a:T229I",1
"ORF1a:D644G",38
"ORF7a:Q21R",44
"ORF1a:D2456N",253
"ORF1b:R1737C",1
"ORF1b:L1378F",1
"ORF8:A51S",9
"ORF1a:M3911T",3
"ORF3a:S74F",3
"ORF1a:R124C",39
"ORF7a:R89K",5
"S:S940F",7
"N:S416L",6
"ORF1a:S3384L",41
"ORF1a:P3395L",68
"ORF3a:H78Y",45
"ORF1a:T4304I",32
"ORF3a:W128L",39
"ORF1a:Q2702H",2
"ORF1b:T1743I",22
"ORF1a:L3602F",1
"ORF1b:Q1878H",1
"ORF1a:G7V",9
"ORF1b:T1173I",1
"ORF1b:Y1176H",2
"ORF1b:S1187N",1
"ORF1a:T4129I",5
"S:Q677H",1
"ORF1b:M991I",20
"ORF1a:S3244L",1
"S:Q957L",2
"ORF1b:P1567H",8
"S:S1123F",1
"ORF3a:T175I",3
"ORF1a:E1293D",28
"ORF1a:H2092Y",5
"N:R41W",1
"ORF1a:M4152L",2
"ORF8:P56L",38
"ORF1b:H1854Y",2
"ORF7b:L32F",3
"ORF1b:A176V",18
"ORF1a:I2086N",1
"ORF1a:S1952L",3
"ORF1a:A859V",2
"S:A684V",4
"ORF1a:T1874I",3
"ORF1a:L3829F",4
"ORF1a:A1151T",127
"ORF1b:G1561V",30
"ORF1b:V2371L",73
"N:N213Y",1
"ORF1a:T3586I",1
"ORF1a:I785V",65
"ORF1a:E3909G",47
"S:N1187S",188
"ORF1a:T1444I",1
"ORF1a:V378I",1
"S:T240I",3
"ORF1a:R175H",5
"ORF1a:C2041Y",3
"N:I292V",3
"ORF7a:Q62L",4
"ORF1a:L173H",1
"ORF1a:H2516Y",2
"ORF1a:T2836I",8
"ORF9b:R47H",6
"ORF1a:V3858L",1
"N:Q242L",1
"S:S494L",1
"E:V58F",4
"ORF1b:M747V",1
"S:D80Y",2
"ORF6:M19V",30
"ORF1a:S610L",3
"ORF3a:Q57R",1
"ORF1a:S3675F",6
"ORF1a:G32R",4
"ORF1a:R4387S",2
"ORF1b:S2154F",3
"ORF1a:T333M",3
"ORF3a:L86F",6
"E:S16N",1
"ORF1a:T1998I",1
"ORF1a:S391F",2
"ORF1b:V691A",1
"ORF3a:G49D",1
"ORF8:C102F",5
"S:I233V",2
"ORF1b:G1530R",1
"ORF1a:I1215T",3
"S:L176F",5
"ORF1a:T2124I",2
"ORF8:A14S",7
"ORF1a:P927L",4
"N:G97S",1
"ORF1b:V1905I",1
"ORF1a:S2972F",7
"ORF1b:A373V",2
"ORF1a:V3718F",10
"S:A783S",1
"ORF1a:V561I",60
"ORF1a:G445V",19
"ORF1b:K254R",1
"ORF1b:K1689N",1
"ORF1b:V165I",1
"ORF1a:V3660L",1
"ORF1b:V1840A",3
"ORF1a:S135N",170
"ORF3a:S92L",5
"ORF1a:A2784V",75
"ORF1b:H1979Y",205
"ORF1b:V2223L",69
"ORF3a:L106F",15
"ORF1a:T1168I",9
"ORF1a:P1640S",4
"ORF1a:P3952S",16
"ORF1a:T2121I",2
"M:I52T",5
"ORF1a:R287M",1
"ORF1a:A2248S",27
"ORF1a:S2103F",6
"ORF1a:G4157S",8
"S:T1027I",8
"ORF1b:T1511A",1
"S:G75V",2
"ORF1a:P1497S",17
"S:I844V",2
"ORF1a:R579I",14
"ORF3a:V202L",11
"ORF1a:D3972A",5
"ORF1a:A3730V",2
"S:L455F",1
"ORF1a:T1521I",1
"ORF1a:N1830S",4
"N:H145Y",1
"ORF1b:V548I",1
"ORF1a:V60I",5
"ORF1a:C873Y",60
"ORF1b:P1452L",3
"ORF1b:L1504F",8
"ORF7a:Q94H",61
"ORF1a:I3587T",6
"ORF1b:Y154C",1
"ORF1b:V2354F",5
"ORF1b:D870Y",34
"ORF1a:A1462T",3
"S:T20I",1
"M:R186H",4
"ORF1a:T1637I",4
"ORF1a:P309L",15
"ORF1b:P1879S",7
"S:V143F",7
"S:V1137I",15
"S:A1080S",1
"ORF1b:V666I",1
"ORF1a:D992Y",3
"ORF8:S69P",1
"ORF1a:L2177P",1
"ORF8:V117A",1
"ORF1a:A3070V",4
"ORF1a:D1157N",1
"ORF1a:V1583I",1
"ORF1a:Y2003C",432
"ORF1a:S2599A",434
"ORF1a:A3054S",2
"S:T547I",3
"S:G261V",1
"ORF1b:A2131V",1
"ORF1a:K290N",6
"ORF1a:S2517F",3
"ORF1b:I1181V",1
"ORF1b:T1529I",16
"ORF6:D61L",6
"ORF1b:V2061L",2
"S:W258L",3
"ORF1b:P160S",1
"ORF1b:P2633S",22
"ORF3a:T151I",35
"ORF3a:S177N",2
"N:P162T",1
"M:L90F",1
"ORF1a:K4176N",4
"ORF8:D34A",1
"S:P26S",1
"ORF1b:K1431R",4
"ORF1a:M3627T",4
"ORF1a:L1313I",1
"ORF1a:K164R",7
"ORF1a:L3694F",9
"S:V1068I",7
"ORF1b:S763F",1
"ORF1a:P748L",2
"ORF1a:V808E",1
"ORF1a:Q4392H",1
"N:S202N",9
"ORF1a:I880T",9
"ORF1a:N704T",6
"ORF1a:S944L",12
"S:P25T",2
"ORF1a:P1207H",1
"ORF1a:A2994V",10
"ORF8:V62M",4
"ORF1a:T3940I",38
"S:P681H",56
"S:A1078T",31
"ORF3a:V97I",8
"M:R101K",5
"S:S943N",4
"ORF1b:P2321S",7
"ORF1a:L681F",147
"ORF1a:G1307S",147
"S:T572I",4
"ORF1b:G1667E",72
"ORF1a:L3711F",27
"ORF1a:R398C",4
"ORF1a:T4090I",3
"ORF1a:D1600G",1
"ORF1a:N615S",5
"S:N606S",6
"ORF1a:I4352V",11
"ORF1b:D824A",3
"ORF9b:R13L",15
"ORF1a:I2774V",6
"ORF7a:P34L",7
"ORF1b:T1555I",33
"ORF3a:V259L",3
"ORF3a:A31V",3
"ORF1a:K2109T",1
"S:A688V",4
"ORF1a:P309S",34
"N:Q281L",13
"ORF1a:T814I",10
"ORF1a:I3369M",13
"ORF1b:T1336I",3
"N:T362I",6
"ORF1a:N3443T",1
"S:T676I",5
"ORF1a:P361S",2
"ORF3a:D27H",3
"ORF1a:K141T",24
"ORF1a:G1155C",8
"ORF3a:F230I",30
"ORF1b:L1681F",87
"ORF1a:R29C",2
"ORF1b:G1541R",1
"ORF3a:G49V",1
"ORF9b:P10L",10
"ORF1b:I1256V",3
"S:T19I",1
"ORF1a:S3983F",2
"ORF1a:A1397T",1
"ORF1a:K338E",1
"ORF1b:T2537I",4
"ORF1a:N1109S",1
"ORF1a:E1801K",2
"ORF1a:Q1813H",1
"ORF1a:Q1943H",1
"ORF1a:S2224F",6
"ORF8:L95F",5
"ORF8:T26I",1
"ORF1a:P1811S",1
"ORF1a:K2761N",2
"N:M322L",3
"ORF1b:M2414L",2
"ORF1b:V2223I",3
"E:L73F",10
"ORF1b:A941V",71
"ORF3a:R134C",1
"ORF1a:V1199A",1
"M:I201V",3
"N:T379I",6
"ORF1a:P2605S",1
"ORF1a:I1005T",1
"ORF1b:T1339I",3
"ORF1b:D2290G",4
"S:P812L",2
"ORF1a:T727I",6
"ORF1a:V3107I",1
"N:T205I",11
"ORF1a:A599V",10
"ORF1b:T2040I",5
"ORF6:K42M",2
"ORF1a:M4390T",33
"S:S704L",34
"ORF1b:D412Y",1
"ORF1b:T139I",6
"ORF3a:P267L",3
"ORF1b:S1186A",1
"S:D228Y",1
"ORF1a:S2132R",1
"ORF7a:A8V",113
"S:R273S",3
"ORF1a:G1095R",2
"ORF1b:P160L",1
"ORF1b:V224I",2
"ORF6:E55*",1
"E:C44Y",1
"ORF1b:G1772S",3
"N:D297Y",4
"S:S939F",3
"N:V270L",15
"ORF1b:S2339F",4
"N:A90S",21
"ORF9b:E86D",21
"N:R385G",3
"ORF1a:E269G",1
"S:G261D",1
"S:L18F",8
"ORF1a:T753I",9
"ORF1a:T2615I",4
"ORF1b:V1271L",42
"ORF3a:T64I",54
"ORF1a:K3532R",1
"ORF1a:K669N",6
"N:H300Y",3
"ORF1a:K2533R",36
"ORF1b:G2180V",38
"S:G75A",36
"ORF1a:T436I",1
"ORF1a:F679S",3
"ORF3a:L94F",6
"ORF8:G77S",3
"ORF1a:Q1910L",1
"ORF1b:D275Y",1
"S:T73I",1
"ORF1a:T4364I",2
"ORF1a:L2318S",1
"M:G89C",23
"ORF3a:S252L",24
"ORF1a:L624V",1
"N:A398S",2
"N:T165I",1
"ORF1a:L477V",3
"S:V90A",2
"ORF3a:G76S",1
"ORF1a:A474V",3
"ORF1a:T1429I",1
"ORF1b:N2695I",4
"ORF3a:L108F",2
"ORF3a:L275F",1
"ORF1a:I652V",1
"ORF1a:R124H",1
"N:A12V",1
"ORF9b:H9Y",1
"N:T296I",3
"S:G1131A",2
"ORF1a:D2835E",1
"ORF1a:E2212K",2
"ORF1a:S2900L",7
"ORF1a:D3668N",2
"ORF1b:I457V",3
"ORF1a:A3615V",2
"ORF1a:T3579I",4
"ORF1a:T708I",33
"N:D402N",2
"S:V1164I",1
"ORF1a:L3828V",1
"ORF1b:Y2375F",5
"ORF1b:P85L",2
"ORF1a:N2228D",3
"ORF1a:E1341D",2
"ORF1b:K82R",11
"ORF1a:Q3203R",1
"ORF1a:N3537S",6
"ORF1a:N1172T",2
"ORF1a:T2069I",1
"ORF1a:G519C",1
"ORF1b:S786F",7
"S:P863S",8
"ORF1b:N351K",1
"ORF1a:A2710T",1
"ORF1a:P1786H",16
"ORF8:G8*",1
"S:V483F",16
"N:D144H",2
"ORF1b:P2313T",108
"ORF1a:T2597M",3
"ORF1b:M2417L",1
"ORF1a:L1507F",5
"ORF1a:M3129I",1
"ORF1b:S2212I",4
"ORF1a:H3076P",1
"ORF1a:T2846I",4
"ORF1a:A2909S",2
"S:T208M",3
"ORF1a:R24H",1
"ORF1a:R1170H",3
"ORF1a:K351E",2
"ORF1a:A2460S",2
"ORF1a:A3645V",2
"ORF1a:Q3922R",2
"ORF1a:T329I",1
"ORF1a:H2125P",1
"S:T883I",1
"ORF1a:T1543I",1
"ORF3a:W131C",5
"S:K97N",2
"N:G99C",1
"ORF1b:N405S",8
"ORF8:E19*",1
"ORF1a:R402C",1
"S:H49Y",8
"N:S232G",1
"ORF1a:A1473V",2
"ORF1a:A2891T",1
"ORF1a:H1160Y",33
"ORF1b:T1996A",15
"ORF1a:R43S",3
"ORF1a:A2320V",4
"S:R21I",2
"ORF1a:T4265I",38
"S:K1073N",1
"ORF1b:A1291V",24
"ORF1a:M85V",24
"ORF6:E55D",1
"N:L219F",1
"ORF1a:A1812V",1
"ORF1b:L271S",4
"S:V83F",1
"ORF1a:T2859I",13
"ORF1b:G99D",6
"ORF1b:A520V",6
"ORF1b:P2633L",24
"S:T791I",6
"ORF1a:A138S",2
"ORF1a:K2208E",1
"ORF1b:R1687C",1
"N:P13L",7
"ORF1a:T1303A",6
"ORF1b:T67I",1
"ORF9b:P10S",7
"ORF1a:N683S",1
"ORF6:D53Y",1
"N:D144Y",2
"S:L1197F",2
"ORF1a:E2993K",1
"M:D190E",5
"N:A251S",8
"ORF1a:S588F",5
"ORF1a:A1631S",5
"S:E554G",7
"S:C1248F",5
"N:E231D",2
"ORF1a:A1679V",2
"ORF1b:L718I",1
"ORF1a:S2024L",23
"ORF1a:V3593F",11
"ORF6:M58I",1
"ORF3a:S195C",21
"ORF7a:A55S",4
"ORF1a:N1740S",2
"S:F92S",1
"ORF1a:T490I",1
"ORF1a:P1357L",1
"N:P142S",3
"ORF1a:T861I",4
"ORF1a:V1415M",2
"N:G34E",1
"ORF1a:S216A",1
"ORF1a:N1026T",1
"ORF1b:L629F",15
"ORF1b:R1052K",4
"ORF7a:A50S",2
"ORF9b:G31R",1
"S:T29I",2
"ORF1a:K2589R",2
"ORF1b:V2073I",1
"ORF1a:D2579G",3
"ORF1a:H81Y",2
"ORF1b:D1848Y",11
"ORF1b:A2513V",1
"ORF1a:K120N",1
"ORF7a:H47P",1
"ORF1a:T3058I",4
"ORF1b:G1129C",1
"ORF1b:T701N",1
"N:D401Y",5
"ORF3a:A110P",1
"ORF1a:P1622S",2
"ORF1a:R1645K",2
"ORF1b:M2269V",22
"ORF3a:G172F",2
"ORF1b:V691I",1
"ORF7a:E95*",3
"N:D348G",2
"ORF1b:L2213F",4
"ORF1a:L46F",1
"ORF1a:I529T",4
"ORF1a:T4159I",3
"M:V221L",1
"ORF1a:V38F",2
"ORF1a:A2033T",1
"ORF1a:L3210F",7
"ORF1b:R1813H",1
"ORF1b:T2165A",1
"ORF1b:Y2619C",10
"S:P25S",1
"ORF1a:G2241S",2
"N:F363L",21
"ORF1a:D220E",3
"ORF1a:S546P",1
"ORF1a:D828Y",2
"ORF1a:M1586I",3
"ORF1a:Q501R",1
"ORF1b:S2359A",1
"S:E583D",4
"S:E471D",6
"ORF1b:D2234Y",1
"ORF1a:A307V",2
"ORF1b:T1453I",3
"ORF1b:P1727H",1
"S:I68T",2
"ORF1a:D928Y",8
"ORF3a:L41F",2
"ORF1a:Q1140H",27
"ORF1a:I1206V",1
"ORF1a:V38I",1
"ORF1a:A3625S",7
"ORF1a:I1159T",5
"S:S12F",7
"ORF3a:V29L",1
"ORF1a:T2532I",1
"ORF1a:G2667S",2
"ORF3a:T270I",7
"ORF1b:G765C",22
"N:T282I",2
"ORF1a:A3856V",6
"ORF1a:S2635L",2
"ORF1a:T3959I",1
"ORF1a:A1283V",7
"N:S79C",1
"ORF1a:M2606T",1
"ORF8:A55V",1
"ORF1a:E1766A",1
"ORF1a:R3323L",5
"ORF1a:M3752I",1
"ORF1b:A1316S",1
"ORF1a:P2018S",7
"ORF1a:A555D",1
"ORF1b:Q72H",1
"ORF1a:A2587S",1
"ORF1a:M85T",28
"ORF1a:V3976I",26
"S:S151I",3
"ORF1a:L107I",117
"ORF3a:E194G",117
"ORF1b:P2169S",1
"ORF1a:R4387L",1
"N:N196I",1
"N:M234I",1
"ORF1a:P2134S",2
"ORF3a:Q185H",1
"ORF1b:V1407F",1
"S:R683Q",3
"ORF1a:K1745T",46
"S:R577L",3
"ORF1b:E1264D",11
"N:A155V",2
"ORF1a:E1633A",2
"ORF1b:M2417I",8
"ORF7a:F114S",1
"ORF1a:G358C",1
"ORF1b:A1291T",2
"ORF1a:E2268G",1
"ORF1a:V2149F",1
"ORF1a:G295S",11
"S:E484K",6
"S:N801K",1
"ORF1b:I1227M",1
"ORF1a:V544I",46
"ORF1a:A4194V",23
"ORF1b:S1408L",21
"ORF7a:R80I",2
"ORF1a:I1274V",6
"ORF3a:G172V",9
"ORF1a:V35M",3
"ORF1b:H73Y",3
"ORF1a:N1262S",56
"ORF8:V62L",16
"ORF1a:V3881L",10
"ORF1a:V3077A",12
"ORF3a:W149L",6
"M:Q185H",1
"ORF1a:V2892F",2
"ORF1b:I2136V",12
"ORF8:C37F",14
"ORF1a:K1197R",1
"ORF6:I37T",1
"ORF1b:R1729C",4
"ORF8:A15S",1
"N:A254S",2
"M:K14R",1
"ORF1a:P3613L",1
"ORF1a:D2101G",4
"ORF1a:T4175I",11
"ORF1b:H604Y",6
"ORF1a:E1245D",1
"N:T334I",3
"ORF1b:K1828N",10
"ORF1b:G2280S",2
"ORF1a:T3113I",2
"ORF1a:K634E",24
"ORF1a:H2831R",55
"ORF1a:V2998I",80
"ORF1a:I4334T",55
"ORF1b:T2195I",10
"ORF1b:S936L",17
"ORF1b:V1149L",19
"ORF1a:P971L",14
"ORF1b:V2060F",1
"S:Q1208H",6
"ORF1b:D2323N",14
"ORF1b:A2575V",4
"ORF1a:R171C",1
"ORF1a:T2093I",29
"ORF1b:H1752Y",2
"S:I197V",5
"N:L352F",4
"M:V10I",1
"S:D138H",23
"ORF1a:A2129V",1
"ORF1a:N3316D",1
"ORF1b:T310I",1
"ORF1b:P218S",11
"ORF3a:L101F",74
"N:R14C",2
"ORF3a:P104S",11
"ORF1a:I95V",10
"ORF1b:L273F",10
"ORF1a:G519D",1
"ORF1b:A1831V",15
"ORF1a:G133V",1
"ORF1b:E1288D",2
"ORF1b:E513G",1
"ORF3a:T269M",3
"S:A623V",2
"ORF1a:D1532G",1
"ORF1a:G392D",13
"ORF1a:L631F",5
"ORF3a:Y160H",9
"ORF1b:L2411F",4
"ORF1b:G2176D",1
"S:S162I",1
"ORF1b:I235T",2
"ORF1a:K1077R",1
"N:P151S",7
"ORF1a:I404T",6
"S:D1163Y",9
"ORF1a:V169A",3
"ORF3a:A51S",2
"M:H125Y",2
"ORF7a:P48L",1
"S:M1237I",3
"ORF8:W45C",4
"N:D399Y",1
"ORF1a:I3145T",9
"ORF1b:C721Y",9
"ORF1a:S538L",1
"S:V6F",4
"ORF1a:M2565I",1
"ORF1a:K399N",1
"ORF1a:L3800I",4
"ORF1b:K64N",1
"ORF1a:M2259I",6
"ORF1a:M1647I",2
"ORF1a:D2592G",2
"ORF1b:R65K",11
"ORF1a:S2193F",2
"ORF1a:K2200T",2
"ORF1b:S1658F",2
"S:K558N",8
"ORF1a:G4380C",1
"ORF1b:N2228K",1
"N:D402Y",2
"ORF1a:G392S",2
"ORF1b:F736V",2
"ORF1a:T1269I",1
"ORF1b:V2691F",1
"ORF7a:L9M",1
"ORF1a:C2165F",4
"ORF1b:L118I",1
"S:V308L",8
"S:P337S",1
"S:S967N",1
"ORF1a:L3644F",14
"S:C1241F",1
"N:D402G",20
"ORF8:P36S",13
"ORF1b:T730I",1
"ORF1b:Q2335K",1
"ORF1a:F3794C",1
"ORF1a:T1538I",13
"ORF3a:S166L",2
"ORF1b:L2609I",1
"N:P364L",35
"ORF1b:E49Q",34
"ORF1a:T1055I",10
"ORF1a:A208V",18
"ORF1b:P1223S",1
"ORF1a:V2522I",1
"S:S494P",8
"ORF1b:V22I",1
"S:F374L",1
"ORF1a:P1054A",1
"ORF1a:I1159M",1
"ORF9b:N55S",1
"ORF1a:M1378I",5
"ORF1b:V1116A",1
"ORF8:N89K",1
"ORF1b:T920A",1
"ORF1a:V1483I",2
"N:K370E",5
"ORF1a:T319I",3
"ORF1a:A1649V",5
"ORF1a:P1916S",5
"ORF1a:S2132G",5
"ORF1a:T2283I",4
"ORF1b:Q2635H",1
"ORF1a:L688F",5
"ORF1a:R1464L",3
"N:A152V",3
"ORF1a:K1428E",3
"ORF1a:M3921I",2
"ORF1a:I880M",1
"ORF1a:A2192V",4
"S:K1073T",3
"ORF1a:R2875H",1
"ORF1a:N2256T",1
"ORF1b:T239I",4
"S:S813I",1
"ORF1a:P1989S",3
"ORF1b:A1369G",1
"N:M101L",9
"ORF9b:K97N",9
"ORF7a:R89I",4
"ORF1a:V710I",10
"ORF1a:P4197S",1
"ORF1a:L893M",32
"ORF1a:D144Y",2
"ORF1b:D1882Y",3
"ORF1a:T3224A",2
"ORF1b:H2388R",2
"ORF1a:A1432V",2
"ORF1a:A3620S",1
"ORF1a:T2936I",3
"S:V503F",1
"ORF1a:I1398V",2
"N:T417I",1
"ORF1a:T609I",12
"ORF1a:S1978F",9
"ORF1b:M115V",2
"S:D1084V",2
"ORF1a:D762V",41
"ORF1a:P926S",2
"ORF1b:C660S",1
"N:I15T",3
"S:G1171S",6
"ORF3a:A99V",5
"ORF1a:S674C",22
"ORF3a:F43L",1
"ORF8:H28N",1
"ORF1a:S2625F",1
"ORF1a:S4382R",1
"N:D348H",1
"ORF3a:V13L",1
"S:V826L",10
"ORF1b:I1598V",6
"ORF1a:T3150I",3
"ORF1b:P218L",1
"ORF1b:V1649F",4
"ORF1a:R207C",1
"ORF1a:S4398L",9
"M:S213I",2
"ORF1a:D144E",2
"ORF1a:M3712I",2
"ORF9b:F69S",1
"ORF1b:S1273L",15
"ORF1b:N2045H",3
"ORF1a:V1071F",1
"ORF1b:A2222S",8
"ORF1b:T582A",4
"ORF3a:A99S",3
"ORF3a:D27Y",1
"ORF3a:W69L",1
"ORF1a:A2637T",2
"ORF1a:D935G",6
"ORF1a:E250G",1
"ORF1b:A1428V",9
"ORF1a:V1104F",3
"ORF1a:D2980G",1
"ORF1b:K1383R",3
"ORF1a:S2500F",9
"S:S255F",8
"ORF1a:S3590L",1
"S:D138G",3
"N:G44C",1
"ORF9b:K40N",1
"ORF1a:A4285V",3
"ORF1a:L1110F",1
"S:I105V",1
"ORF1b:L261F",2
"ORF1a:P1977L",2
"ORF7a:P99S",1
"ORF1a:D982G",3
"ORF1a:V1750M",1
"ORF3a:L96P",1
"S:A262V",1
"N:S412I",6
"ORF1a:A1809T",6
"ORF1a:T2495I",1
"ORF1b:A7V",1
"ORF7a:L49P",1
"N:P309L",3
"N:G96C",2
"ORF1a:Q2510R",2
"ORF1a:P1213L",2
"ORF1a:S2488F",2
"ORF1a:P3371S",1
"ORF1a:E952G",1
"ORF1a:P1596S",3
"ORF1a:A1352V",2
"ORF1a:E855G",1
"S:V642G",24
"ORF1a:V868L",3
"ORF1a:E1909G",3
"ORF1a:C270R",23
"ORF1a:P1916L",1
"ORF1a:T4010I",34
"N:P6S",1
"E:C44F",1
"ORF1a:A1649S",1
"S:G252V",1
"ORF1a:E1363G",2
"ORF1a:D2801N",1
"S:C1243F",2
"ORF1a:S1029G",1
"ORF1a:N3025S",1
"N:P207H",1
"ORF1a:P2079L",41
"ORF1a:D2456E",2
"ORF1a:C4294S",7
"S:G446V",18
"N:R259W",3
"ORF1a:S3570G",1
"ORF1a:P1659A",1
"ORF1a:T2007N",3
"S:T76I",5
"ORF1a:I1912T",2
"ORF1a:E2089V",1
"S:I1114V",1
"ORF1b:P403S",19
"ORF1a:Q611H",4
"S:K356M",1
"N:T24I",2
"ORF1b:N149T",3
"ORF3a:M260T",2
"S:Y144N",2
"ORF3a:P240L",6
"ORF1a:M2347T",2
"ORF1a:L1131F",1
"M:T127S",1
"ORF1a:G728V",1
"M:S173K",1
"ORF7a:V82S",3
"S:N556K",16
"ORF1b:A941S",1
"ORF1b:T1627A",1
"ORF1b:K469N",4
"S:G75D",3
"ORF1b:A88V",3
"ORF1b:V1021F",5
"ORF1a:M85I",1
"ORF1b:Q2247H",1
"ORF7b:H37R",2
"ORF1a:L590F",8
"ORF1a:F3153L",2
"ORF1a:I1525M",1
"ORF1a:S549F",3
"ORF1a:A3939V",1
"S:G1267R",1
"ORF1a:R287G",1
"ORF1a:W2232C",1
"ORF1a:S2389L",3
"ORF7a:E33G",1
"E:T9I",2
"ORF1a:R560C",14
"S:R765H",1
"ORF1a:H3580Y",2
"ORF6:P57L",1
"ORF1b:T1555N",2
"ORF1a:I3142T",1
"ORF8:D119*",1
"ORF1a:L2956I",1
"ORF8:E64D",1
"ORF1a:H2794Y",3
"ORF1a:V627F",8
"ORF1a:A2785V",1
"ORF1a:T842I",1
"ORF1a:I396V",1
"ORF1a:V2238I",1
"ORF1b:L2451F",1
"M:A83S",1
"ORF1b:R2189C",1
"ORF1b:M2269T",1
"ORF1a:K680N",1
"ORF1a:G912S",1
"ORF1a:T1581A",1
"ORF1a:S1587L",3
"ORF9b:G38V",1
"N:A208S",1
"S:G219S",1
"ORF1b:T216N",1
"S:T124I",1
"ORF1a:I3842T",2
"N:K361N",1
"ORF1b:D2270Y",3
"ORF1a:A2418V",1
"ORF1b:V596F",2
"ORF1a:Y2099C",1
"ORF1b:H1550Y",4
"ORF3a:T176I",1
"S:L938F",22
"ORF7a:C58F",2
"ORF1a:A2621V",1
"S:N121D",1
"ORF7b:F30C",1
"S:N1023D",3
"S:E554A",2
"N:G214V",1
"ORF7a:P84L",2
"ORF1a:I671L",1
"ORF1b:A86S",42
"ORF1b:P2074T",1
"M:A2S",6
"S:A893V",2
"ORF1a:T1558I",1
"ORF1a:P1158L",3
"ORF8:E106*",2
"ORF3a:P25S",1
"S:A1026T",1
"ORF1b:A1428S",1
"ORF1a:L3754V",1
"S:L1152F",7
"S:E1207D",1
"ORF1a:T1794A",1
"ORF6:W27L",1
"ORF1a:A2821V",3
"ORF1a:E1340D",1
"M:L124F",1
"ORF1a:T4088I",2
"ORF1b:E735D",5
"ORF3a:G49C",1
"ORF7a:G38V",10
"ORF1a:A3456V",2
"ORF1a:G1069V",1
"ORF1a:R550C",1
"ORF1a:T3749I",1
"ORF1b:P1287L",1
"S:L212I",3
"ORF1a:L3313F",9
"S:S375P",1
"ORF1b:A1386T",2
"ORF1a:I1215V",1
"N:A419S",1
"ORF1a:D1044Y",5
"ORF1a:T1890I",1
"S:R214H",1
"ORF1a:D953Y",1
"ORF1a:Q2567R",1
"ORF1b:T2432I",3
"ORF1a:T2183I",2
"ORF1a:G2284V",2
"N:Q181H",2
"ORF1a:G3103C",2
"E:F26L",1
"ORF1a:L2119F",4
"ORF1a:V1880F",1
"ORF7a:Q76H",1
"ORF1a:D930Y",1
"S:G1219V",2
"S:M153I",4
"S:A27S",2
"ORF1a:C1889Y",1
"M:D3Y",4
"ORF1a:D2043G",1
"ORF1a:A2508V",4
"S:S1170F",1
"ORF1a:R2515K",1
"ORF1a:T1542I",2
"N:P365L",4
"ORF1a:T2408I",1
"ORF3a:W45L",1
"ORF1a:M2380I",1
"ORF1a:Y2413C",1
"ORF1b:M1156I",3
"ORF7a:S44L",1
"ORF1a:H165Y",1
"ORF6:D61H",1
"N:F363S",4
"ORF1a:C2210F",1
"ORF7a:F54S",4
"ORF1a:R3561S",3
"S:A288V",3
"ORF1a:T3461K",7
"ORF1a:M3862R",1
"ORF7b:S31L",2
"ORF8:V62A",1
"ORF1b:C1796Y",1
"S:T719I",2
"ORF8:R115C",1
"M:A218V",1
"ORF1a:S4018F",2
"ORF1b:S1089L",1
"ORF1a:E2585K",1
"ORF1a:S3517F",2
"ORF1a:L1438F",1
"ORF1b:L2382F",2
"S:M177V",1
"ORF1a:T1004A",1
"ORF8:I71L",1
"ORF1b:C2551F",1
"ORF1b:E2544D",2
"ORF1a:V1239F",1
"ORF6:I11T",1
"S:T859I",2
"ORF1a:P1786L",5
"ORF1a:C3762Y",6
"ORF1b:A1954S",1
"ORF1a:K3910R",1
"ORF1b:A397D",1
"ORF1b:V1814I",1
"ORF3a:E241*",1
"ORF3a:Y107N",1
"S:E484Q",1
"ORF7a:Q62K",1
"ORF1a:T796I",64
"ORF1b:K774N",5
"S:S884T",1
"ORF1b:D294N",2
"ORF1a:L104F",1
"ORF1a:V596F",2
"ORF3a:A23S",1
"ORF1b:I553V",1
"ORF1b:S425Y",1
"ORF1b:I1539T",1
"ORF7b:V21I",1
"ORF1a:L3754F",2
"N:P122L",7
"ORF1b:T1019A",1
"N:T245A",4
"ORF9b:A57V",5
"S:R346K",1
"S:V534F",1
"ORF1b:P909L",1
"ORF1a:A3518V",3
"S:Q134R",1
"ORF7b:L25F",2
"ORF1a:T2952A",1
"ORF1b:A1259V",3
"S:V987F",1
"S:G485V",1
"ORF1a:T4065I",3
"ORF1a:L27F",3
"ORF1a:R724G",1
"ORF1b:T2517I",1
"ORF1a:Q676R",4
"ORF1b:Y264C",1
"S:N1074Y",1
"ORF1a:R124S",1
"ORF7a:V29E",1
"ORF1a:I280V",2
"ORF3a:D155H",1
"ORF6:I32T",1
"ORF1a:G105V",1
"ORF1b:D2087G",1
"ORF1a:V488M",2
"ORF1b:R2189H",1
"ORF1b:F1891S",1
"E:I13L",16
"ORF1a:V2976L",2
"ORF1b:V1814F",3
"ORF1b:L2560F",6
"N:R195T",1
"ORF1a:T2684A",1
"N:P279L",2
"N:P383S",3
"ORF1a:T999A",1
"ORF1a:G295C",2
"ORF1a:P254S",1
"N:R14L",2
"ORF9b:A11S",2
"ORF1a:M3652V",2
"S:L229F",35
"ORF1a:P2950S",12
"ORF7a:A106S",2
"ORF1b:V248F",3
"ORF1a:A1298V",2
"ORF1a:V2019F",2
"ORF3a:D142G",1
"ORF1a:V28I",5
"ORF1b:P12S",2
"ORF8:L4R",2
"ORF1a:I1785T",1
"ORF1b:S2312L",2
"ORF1a:A2097T",2
"ORF1a:L3249V",1
"ORF1b:T2488M",3
"ORF7a:V71I",1
"ORF1b:T861I",3
"S:D178N",1
"ORF3a:H93Y",1
"S:P1143L",1
"ORF1a:R207H",1
"ORF1a:N2102S",1
"ORF7a:L116F",5
"S:A1078S",6
"ORF1a:S3246C",1
"ORF3a:A23V",10
"ORF1a:P4197H",1
"ORF1a:R2163C",1
"S:T676S",1
"ORF1a:S1478A",1
"N:G25C",10
"S:S937A",1
"ORF1a:D139G",1
"ORF8:W45*",1
"S:P807S",3
"ORF1a:A541V",2
"ORF1a:K262Q",1
"S:A163V",2
"ORF9b:A82V",2
"ORF1a:Q556R",1
"ORF1a:K2017R",1
"ORF3a:G254V",2
"ORF1a:P3504S",1
"S:P812S",9
"ORF1a:A2142V",2
"ORF1a:E913G",2
"ORF1a:T1552I",1
"ORF1a:L1627I",1
"ORF1a:K4226R",1
"ORF1a:T1022I",1
"ORF3a:V259I",1
"ORF1a:A4016S",5
"ORF1a:E57D",1
"ORF1b:P255S",11
"ORF1a:T965N",1
"ORF1a:E622K",7
"ORF1a:V3377L",1
"ORF1a:A3688V",1
"ORF1b:V1983A",1
"ORF1a:E1244G",1
"ORF1a:Q556P",7
"ORF1b:P1427H",4
"S:S50L",3
"S:P621L",1
"ORF1a:L4I",4
"ORF1a:R226K",5
"S:Q613H",8
"ORF1a:M3780I",1
"S:D745G",5
"ORF1a:K247R",1
"ORF1b:D2318Y",1
"ORF1a:D981Y",2
"ORF1a:T2153I",1
"N:R177I",2
"N:T148A",2
"S:A892S",3
"ORF1a:V4057I",1
"S:N1194S",1
"ORF1b:T2453I",2
"ORF1a:M2957I",6
"ORF1a:M1312V",1
"ORF1a:H2799Y",2
"S:I1115V",1
"ORF1a:I3043V",2
"S:E1144Q",4
"ORF1a:E233K",1
"M:C33F",2
"ORF1a:S2552P",5
"ORF1a:D324A",1
"S:A871S",9
"ORF3a:Y189C",1
"ORF1b:T76I",4
"ORF1a:L864I",3
"ORF1a:I1502V",4
"ORF1a:R119C",1
"M:A85S",2
"ORF1a:L1556F",1
"ORF1a:S2661F",18
"ORF1b:T2514I",1
"ORF1a:V779F",3
"ORF1b:G1568V",1
"ORF1a:V2793I",1
"ORF6:E13D",5
"M:A69V",2
"ORF1a:S2114F",2
"ORF8:G66V",1
"ORF1a:R3662C",2
"ORF7a:F54L",1
"N:A55S",2
"N:R226I",1
"ORF1b:W907C",1
"N:D103Y",1
"ORF1a:N178S",1
"ORF1a:G661C",2
"N:T141I",2
"ORF1a:N128D",4
"ORF1a:V1446I",1
"ORF1a:D147N",1
"ORF1b:A572V",1
"S:F2L",1
"S:N99Y",1
"ORF1b:T1137I",1
"ORF1b:S316I",7
"ORF1b:D51Y",1
"ORF1b:A1330V",1
"ORF1a:E87Q",6
"ORF3a:L65F",4
"S:P793S",41
"ORF1a:V4025I",1
"N:R185C",4
"N:M101V",3
"ORF1a:P1921S",7
"ORF1a:Q1224P",1
"ORF1a:L2609F",1
"ORF1a:T3459M",3
"ORF1b:A1215S",1
"M:H154Y",1
"ORF7a:T14I",2
"ORF3a:V13I",7
"ORF1b:P2531S",6
"ORF1b:M371I",1
"ORF7a:V29L",5
"E:V5L",3
"S:I1227V",15
"ORF1a:G2868S",1
"ORF1a:D1282Y",3
"ORF1a:K2148N",3
"ORF1a:E647K",1
"ORF1a:V26M",3
"N:S180T",1
"ORF1a:T151I",1
"ORF1b:L1935V",1
"ORF1a:P62S",2
"ORF1b:V222I",2
"ORF1a:V3136L",2
"ORF1a:V3759F",2
"ORF1a:P769S",6
"ORF1b:T1996M",1
"E:P71L",1
"S:A475S",1
"ORF1a:E750G",1
"ORF1a:A131V",4
"ORF1a:S2285F",1
"N:P326L",1
"ORF1a:E3177D",1
"ORF1b:P1567L",1
"ORF1a:I4334V",1
"S:L1200F",1
"ORF1a:A3620V",3
"ORF1a:R402H",2
"S:A706V",1
"ORF8:P38S",3
"ORF1a:L1579I",2
"ORF1a:V2356A",2
"S:S596N",2
"ORF1a:V3166I",7
"ORF1a:P3504L",8
"ORF1b:L1698F",1
"ORF1a:T1004I",5
"ORF1b:I2346V",1
"ORF1a:V2061I",1
"ORF1b:S2359F",1
"ORF1a:Q1403H",1
"ORF1b:A2132V",4
"ORF8:S24P",1
"ORF1a:R232C",16
"ORF1b:R240M",8
"S:A845V",1
"S:P479S",4
"S:P521L",1
"ORF8:S97G",1
"ORF1a:K4003N",2
"S:I210V",2
"ORF1b:A927V",2
"ORF1b:E427G",1
"N:A211V",1
"ORF1a:T1822I",2
"ORF1b:Y2460C",1
"ORF1b:A391S",2
"ORF1a:T2648I",3
"M:L34F",2
"ORF1a:F651L",1
"ORF1a:E1293G",1
"ORF1a:K3839R",1
"ORF1a:E87D",4
"S:D138V",7
"ORF1a:I3618V",1
"ORF1b:P1095S",1
"ORF1b:I1498M",3
"ORF1b:G2489C",2
"ORF9b:R32H",3
"ORF1b:V1164L",1
"ORF8:V81A",1
"ORF1a:T999I",3
"ORF1a:R1376Q",1
"S:C1248W",1
"N:S310I",1
"ORF1a:N805S",2
"ORF1b:D2142Y",2
"ORF1b:I1293V",1
"ORF1b:D260N",1
"M:G89S",1
"ORF7a:K53*",17
"ORF1b:Y512C",1
"ORF1b:R2275W",1
"ORF1a:I1714T",2
"N:G179V",1
"N:R191C",2
"ORF1a:A1694V",1
"ORF3a:E19D",3
"ORF1a:S2493I",1
"N:N140T",2
"ORF1a:P1213S",3
"ORF1a:A1997V",1
"ORF1a:L3930F",5
"S:T734I",2
"S:D775E",2
"S:T1009I",2
"M:S173P",3
"ORF8:C20Y",1
"S:Y144H",2
"N:Q7H",2
"ORF9b:K4I",2
"ORF1a:T3133I",1
"ORF1a:T866I",3
"ORF1b:V2564M",1
"ORF1b:S2399I",9
"ORF1b:A2401V",1
"ORF1b:G2662S",1
"ORF1a:H388Y",2
"S:S494T",2
"N:R88L",1
"ORF9b:E85*",1
"S:R1091C",1
"S:L922F",2
"ORF1a:A917S",4
"ORF1a:A1061V",3
"N:E136V",1
"ORF8:H17Y",1
"ORF1a:P736S",2
"N:K374N",1
"ORF1a:S528L",1
"E:V47L",1
"ORF7a:Q76L",1
"ORF1b:I2465V",1
"ORF1b:S1376G",1
"N:K373N",2
"S:T33I",1
"ORF1a:E1142A",1
"E:V14A",1
"ORF1a:V2157F",1
"ORF1a:L1115F",2
"ORF7b:C41F",1
"N:S202V",1
"ORF9b:P3L",13
"ORF1a:D1554G",1
"ORF1a:Q1832R",1
"ORF1a:P2260S",1
"ORF3a:I35T",2
"ORF1b:Q2259R",1
"ORF1b:A572T",1
"ORF1b:L1551R",1
"ORF1b:A1959V",1
"N:A173S",2
"ORF1a:T2181A",2
"ORF1b:G2474R",1
"ORF1a:G604S",8
"M:L124I",10
"ORF1b:V2117L",1
"S:A522S",1
"ORF1a:A117P",1
"ORF1b:A571S",1
"S:H245Y",1
"ORF3a:D265V",2
"ORF1a:L815F",1
"ORF1a:A668V",1
"S:K444N",2
"ORF1a:V2888A",1
"ORF1b:A2306V",1
"ORF1a:L204F",1
"ORF1a:Q3536L",1
"S:S1261F",1
"ORF1a:P2018L",8
"ORF1a:A3657V",7
"ORF1a:L3736F",9
"ORF1a:I1990V",10
"M:M91L",1
"S:N234K",1
"ORF1a:G2265D",1
"ORF1a:S1561P",1
"ORF1a:A687V",1
"ORF1a:V121I",4
"S:Y28H",1
"ORF1a:A1078V",1
"ORF1a:S1221L",4
"ORF1a:R299G",1
"S:H146Y",2
"S:P26L",1
"ORF1b:Y1147F",1
"ORF1a:T4087I",1
"ORF1a:D953G",4
"ORF1b:T1162I",5
"ORF1a:A3657S",1
"S:L24S",2
"ORF1a:P4261S",1
"N:M317I",2
"S:A93S",1
"ORF1a:A2909V",1
"ORF1b:P1727S",4
"ORF1a:V1583F",2
"S:G252D",2
"ORF1a:P3134S",3
"N:R41Q",1
"ORF9b:G38S",1
"ORF1b:A2028V",2
"ORF1b:P1165L",1
"ORF9b:T83I",1
"N:A173V",1
"ORF1a:T592I",2
"ORF1a:M584T",1
"S:M731I",2
"ORF1a:H2698R",2
"S:P1263Q",1
"S:K462T",1
"ORF7a:S37C",5
"ORF1a:G3757V",1
"ORF1a:G2258D",1
"S:A1087S",1
"ORF1a:V3847I",2
"ORF1a:T1429K",3
"ORF1a:S2103P",2
"S:Y160C",3
"ORF1b:K2160N",2
"ORF8:F120L",1
"ORF1a:G4178S",1
"ORF1a:M1193T",13
"N:A208V",1
"N:P46S",2
"ORF3a:V256A",3
"ORF1b:V1870I",1
"ORF3a:C200Y",2
"ORF1a:T2800I",1
"ORF1a:E754D",2
"ORF7a:R25I",1
"ORF8:K68I",2
"S:V483L",2
"S:M153T",1
"ORF1a:A2811V",3
"ORF1a:T1881I",8
"S:G832S",1
"S:P384L",1
"ORF7b:A15S",10
"ORF1a:V116A",1
"ORF1a:V2865A",1
"ORF1a:T224I",5
"ORF1b:V2536F",2
"ORF1b:D131Y",1
"ORF1a:A773V",3
"ORF1b:M2322I",1
"S:S254F",2
"ORF1b:T1655I",1
"N:G178S",1
"ORF8:D35N",2
"ORF1a:A427V",2
"N:S193R",1
"N:S413I",2
"ORF1a:A3040V",2
"ORF3a:Y145F",4
"ORF8:G50R",1
"ORF1a:M807T",1
"ORF1a:A967V",1
"M:I48V",1
"ORF1a:E1223G",1
"ORF1a:V1236F",2
"ORF1a:E832K",1
"ORF7a:T14S",3
"ORF1b:P1548S",1
"ORF9b:P51L",1
"N:N150T",1
"ORF1b:T794I",2
"S:Q52R",4
"ORF1b:D2576Y",9
"ORF1a:M731V",10
"ORF1a:L1130F",9
"S:T470I",2
"ORF1a:E386D",1
"ORF1a:L446F",5
"ORF1a:L730F",1
"ORF3a:F230L",7
"ORF1a:S2015I",1
"ORF1b:V1402A",1
"ORF1a:V4260L",3
"ORF1a:G3072C",4
"ORF1a:R29H",2
"ORF1b:E2164A",2
"ORF1b:L820I",1
"ORF8:T11I",1
"E:L51F",1
"ORF1a:V1118A",1
"ORF1a:Y1406H",4
"S:A352V",1
"ORF1a:S2030L",2
"ORF1b:L1676F",1
"ORF3a:Q185R",2
"S:A1026S",1
"ORF7a:C67R",1
"ORF1b:V2086F",2
"S:G799D",1
"ORF1a:P1054S",2
"ORF1a:L2527M",3
"ORF1a:V1295A",2
"S:T76N",1
"ORF1a:N3725S",1
"ORF1a:P885S",4
"ORF1b:A2143V",2
"ORF3a:D265Y",5
"ORF7a:E33K",1
"ORF1a:R2686H",13
"ORF3a:K67R",15
"ORF1a:A964V",1
"ORF1a:S74L",1
"ORF1a:P2537S",2
"ORF1a:C3348R",2
"ORF1a:H1067Y",1
"ORF1a:P4197L",2
"ORF1a:K2204R",2
"ORF1a:T821I",1
"ORF1a:G934V",1
"ORF1a:L4040F",1
"N:G19V",1
"ORF9b:D16Y",1
"ORF1a:A3392V",4
"ORF1a:H1636Y",1
"M:S197N",1
"ORF1a:T1844A",1
"S:I1225V",2
"ORF1b:M2462I",1
"ORF1a:M2374V",51
"N:Q43K",1
"ORF1b:G1638C",4
"N:P258S",1
"ORF1b:S638I",1
"ORF1b:S2198G",1
"ORF8:D35E",2
"ORF1a:T355A",1
"ORF1a:S2947R",1
"ORF1a:T1653I",1
"ORF1a:A2279V",1
"ORF1a:R99C",1
"ORF1a:L893Q",1
"ORF3a:L127F",1
"ORF1a:G2499S",2
"S:R21N",1
"ORF8:Y31H",1
"N:Q272L",2
"S:N1108S",3
"ORF1a:A1314V",7
"ORF1a:G379R",1
"ORF1a:I2086V",3
"ORF1b:F2647L",3
"ORF1a:N1037K",7
"ORF1a:T1840I",1
"ORF1b:I1539V",1
"S:E1202Q",1
"ORF1a:S2312L",1
"ORF1b:N1830S",4
"S:T1116A",1
"ORF1a:K2059R",1
"ORF8:I58T",2
"M:W55C",1
"N:T325I",1
"ORF1a:D1554Y",1
"ORF1a:S2185I",1
"S:I770M",2
"S:T588A",1
"ORF1b:T2163I",8
"S:E702Q",1
"ORF1a:S3158G",1
"N:Q229H",1
"N:G243D",1
"ORF1a:G3286V",8
"S:L452Q",1
"ORF1b:K1835R",4
"ORF3a:G251S",2
"N:I337F",1
"ORF1a:A3229V",1
"ORF1a:T1001I",2
"ORF1a:T1567I",11
"S:H146L",1
"N:A134V",2
"ORF1a:G445C",15
"ORF1a:K1428R",1
"N:A252V",4
"ORF1a:P3767S",4
"ORF1a:R4387C",4
"ORF1b:T17I",5
"ORF1a:D2833N",1
"ORF3a:V112L",1
"N:A376V",1
"ORF1a:A3548V",1
"N:E136G",1
"N:T271I",3
"ORF1a:S1351N",1
"S:T638I",1
"ORF1a:Y2168C",2
"ORF1b:N2124T",2
"ORF1b:H1087Y",3
"ORF1b:S442I",1
"ORF1a:R24C",8
"ORF1a:A2213S",1
"ORF1a:Q4140H",1
"ORF1a:S653L",1
"N:L224F",1
"ORF1a:T3579A",1
"M:T30I",3
"S:L828I",1
"S:I1132T",1
"ORF1a:A2587V",1
"ORF1a:D3728Y",1
"M:L145F",1
"ORF1a:G2959S",2
"ORF1a:L107R",3
"ORF1b:I879V",1
"S:T430I",1
"ORF1b:G1561C",1
"ORF1a:L4126V",1
"ORF1a:R4387H",2
"S:T22I",1
"ORF1b:P1851S",2
"N:K370T",1
"ORF1a:T395I",1
"ORF1b:T2084I",1
"ORF1a:V2372I",1
"M:R44M",2
"ORF1a:V3496M",2
"ORF1b:L238F",1
"ORF1a:A555S",2
"ORF1a:G2959D",1
"ORF1a:H417Y",2
"N:S206F",2
"S:H625R",1
"ORF1a:T4090A",1
"N:P365S",4
"N:K374Q",1
"ORF1b:G1362R",6
"ORF1b:V658I",1
"ORF1a:A2696V",11
"ORF1a:P804L",8
"ORF1a:S481F",1
"M:A142V",1
"ORF1a:I2903V",1
"ORF1a:G2461S",2
"ORF1a:G2843D",2
"ORF1a:K1855R",1
"ORF1a:V3968F",1
"ORF1b:V2406I",1
"ORF1a:V3056L",1
"ORF1a:Q1918L",1
"ORF1a:R43C",1
"ORF1b:I2122M",2
"ORF1a:A3379V",2
"ORF8:V117F",1
"ORF1a:A117V",2
"ORF1a:G1946S",1
"ORF1a:T2137N",1
"S:D796Y",1
"ORF1b:S1186F",1
"ORF3a:Q185P",5
"ORF3a:R30L",2
"N:Q418R",1
"ORF1a:F2881I",1
"ORF1a:M3030T",1
"ORF1a:M4241T",1
"ORF1a:E2982V",1
"S:P1079S",2
"ORF1a:A656V",1
"M:L93F",1
"ORF1a:C2744S",1
"ORF1a:S1924G",1
"ORF1a:D4006G",1
"N:V350F",2
"ORF3a:V77F",1
"ORF1a:G2091D",1
"N:W52L",1
"ORF9b:G49C",1
"N:A35E",1
"ORF9b:R32S",1
"ORF1a:E1870G",1
"ORF7a:Y18H",2
"ORF1a:I3476T",1
"S:P25L",2
"S:S698L",2
"S:S940Y",1
"ORF3a:T271I",1
"ORF1a:S1102G",1
"ORF8:A51V",3
"ORF1a:L533F",1
"ORF1a:S1218G",1
"ORF1a:H81R",6
"M:L87I",1
"ORF3a:T14I",1
"S:D1139H",4
"ORF1b:T1730S",3
"S:S256L",2
"S:C1235F",1
"ORF1a:P2685T",4
"ORF1b:T1289M",1
"ORF1a:S1534N",2
"ORF1b:V2493F",2
"ORF1a:T329A",7
"N:I131V",2
"ORF1a:T2512I",3
"ORF1a:L450P",1
"N:R203I",2
"N:R209T",1
"N:L221F",2
"N:G18C",1
"ORF9b:L14F",1
"ORF1a:H1113Y",2
"ORF1b:P1342S",1
"ORF1b:G2610N",1
"ORF1b:M454I",1
"ORF1a:T356I",1
"ORF1a:V1056L",1
"ORF1a:M3189I",1
"ORF1b:D816G",1
"ORF1a:P271L",1
"ORF7a:S83L",1
"ORF1a:P6H",1
"S:F374S",1
"ORF1a:T3772N",1
"N:G18S",1
"ORF1a:A3523V",4
"S:G219D",6
"N:L64P",1
"ORF1a:H1738Q",1
"S:A263V",1
"ORF1b:G1772C",1
"ORF1a:G3334D",1
"ORF1a:M731I",2
"N:M234T",1
"ORF1a:V3107A",1
"ORF1b:N79S",2
"ORF1b:Y1247C",2
"ORF1b:V1419L",1
"S:V341I",1
"ORF1a:V2071F",7
"ORF1a:A2325V",1
"ORF3a:L65P",2
"N:G5E",1
"ORF1a:N3316S",1
"ORF9b:D2N",1
"ORF1b:S1718A",1
"ORF1a:E328A",1
"ORF1a:K2555R",1
"N:S312A",1
"ORF3a:S253Y",1
"ORF1a:P115L",1
"S:K1045N",2
"ORF1a:D3671G",5
"ORF1a:L1579F",1
"ORF1b:R174C",1
"ORF1a:V2715I",1
"ORF9b:E27G",1
"M:G6S",2
"ORF7a:R80K",2
"N:Q43P",1
"ORF9b:K40Q",1
"S:T284I",1
"ORF1a:S2803L",1
"ORF6:D61A",5
"ORF1a:T170I",1
"S:G504S",2
"ORF1b:Y2276C",1
"ORF3a:I7T",1
"ORF1b:L2017F",1
"N:P168S",2
"ORF1b:A1521V",2
"ORF1a:L104I",1
"ORF1a:T2183A",3
"ORF1a:D1089G",2
"ORF1a:A4130S",1
"ORF1a:D3240A",1
"ORF1b:V1787G",1
"ORF8:A65T",1
"ORF1b:S1958I",3
"ORF6:Q8L",1
"ORF1b:V2686I",2
"S:S205F",1
"ORF1a:P4337L",1
"ORF1b:M1839I",1
"ORF1a:H374Y",2
"ORF1a:P2931S",4
"S:L141F",6
"ORF1b:F497L",1
"ORF1b:A2480D",1
"ORF1a:D1440E",1
"ORF1a:M2796I",2
"ORF1b:D2318N",1
"ORF1b:V839I",6
"ORF1a:P2144S",2
"ORF1a:T1597I",10
"ORF1a:A3061V",1
"N:R191S",1
"ORF1a:L580F",1
"ORF1a:G514R",2
"S:R102I",1
"ORF1a:F3604V",1
"ORF1a:T2684I",2
"S:D80G",3
"N:E31D",1
"ORF1a:M3189V",1
"ORF9b:N28I",1
"ORF1a:G989C",1
"ORF8:K94Q",1
"ORF1b:D979G",1
"ORF1a:M1588I",1
"ORF8:S82P",1
"ORF8:P38L",2
"ORF1b:E1242A",1
"ORF1a:S1517F",4
"ORF1a:A2033V",1
"S:I1130L",1
"ORF1a:P2221S",4
"S:V1040F",2
"ORF1b:G2127S",1
"ORF1a:Y1770H",1
"ORF1a:T3032I",2
"ORF7a:P34S",3
"ORF1a:T842N",1
"ORF1a:I3737T",1
"ORF3a:W45R",2
"ORF1a:G4380S",5
"ORF1a:V2164A",5
"ORF1a:G963S",1
"ORF1a:K2143N",1
"ORF1a:G3278S",1
"ORF1b:H247Y",1
"ORF1a:E972G",1
"ORF1b:D161Y",1
"ORF1a:A429V",1
"ORF1a:D827G",1
"N:I157T",1
"ORF1a:E1633D",1
"S:T259I",1
"ORF1a:R175C",2
"ORF1a:A42S",2
"ORF3a:W193C",1
"ORF1b:S2495L",1
"S:N164Y",1
"ORF1a:P820L",1
"ORF1a:M2036V",3
"ORF1b:D955N",1
"ORF7a:R78C",1
"ORF1b:L820V",1
"ORF1a:F2025L",1
"ORF1a:T3807P",2
"ORF7a:L17F",1
"S:Q675K",1
"ORF1a:K1180E",1
"ORF3a:S253F",1
"ORF3a:E242*",1
"S:V143D",1
"S:Y144D",1
"ORF1b:T1076I",1
"ORF1a:T2952I",1
"N:L382F",1
"ORF3a:H247Y",1
"ORF1b:D599G",1
"E:L51I",1
"ORF1a:A4133V",3
"ORF1a:S212L",1
"M:I80V",1
"ORF1b:S2658F",2
"ORF1b:C2341F",1
"ORF1b:R1736G",1
"S:V1104L",1
"ORF1a:Q3346K",1
"S:R683P",1
"ORF1a:P626S",2
"ORF1b:R524C",3
"ORF7a:P84A",3
"ORF7a:K85*",3
"S:F490S",3
"ORF1b:D2138N",1
"ORF1b:P1821S",3
"ORF1a:E41K",1
"ORF1a:E726A",1
"ORF1a:D1089A",1
"ORF3a:W69C",1
"ORF1a:Q2373K",1
"ORF1a:Y621S",1
"S:D1199A",1
"ORF1b:V119I",2
"ORF1a:G989V",2
"ORF3a:M1I",2
"E:S68F",1
"N:S33I",3
"ORF9b:V30L",3
"N:S197L",1
"ORF1a:P777L",2
"ORF1b:M2414T",1
"ORF1b:D2505G",1
"ORF3a:P138S",1
"ORF1a:Y496C",1
"ORF1b:L2649I",1
"ORF3a:L96F",1
"ORF1a:N2187S",1
"ORF1a:P193H",1
"ORF1a:A498V",2
"ORF1a:S1872N",3
"ORF1a:S485I",2
"ORF1a:R3323C",1
"ORF1a:A4285S",2
"S:P209H",3
"S:A668S",1
"ORF1b:I1998V",5
"M:L29F",3
"ORF1a:A2828V",1
"S:S1021F",1
"S:E309Q",2
"ORF1a:V1887F",1
"ORF1a:K1305N",1
"ORF1a:W646L",1
"S:S161Y",1
"ORF1a:E870A",1
"ORF1b:Q2663L",1
"ORF1a:H13R",2
"ORF1a:L3116V",1
"S:T33R",1
"ORF1a:A2123V",1
"ORF1a:Y949C",1
"S:L179I",1
"ORF1a:T4249I",4
"ORF1a:T1242I",1
"S:G1267V",1
"ORF1a:I849V",1
"ORF1a:V106I",1
"ORF1b:P1645S",1
"E:E7D",1
"ORF1a:T2920I",1
"ORF1a:G2879S",1
"S:T250I",1
"ORF1a:P1497L",1
"ORF1a:T2611A",1
"ORF1a:R3802C",1
"ORF1b:M1582I",1
"ORF1a:V1006G",1
"ORF1a:V2604I",1
"ORF1a:V2862L",1
"ORF1a:P4339H",1
"ORF1b:K1199Q",1
"ORF8:I39T",1
"ORF1a:E977D",1
"ORF1b:I97T",1
"S:F157I",2
"ORF1b:T237I",2
"ORF1b:A1225V",1
"S:A372L",1
"ORF3a:K136*",1
"ORF1a:Y955C",3
"ORF1b:M187I",3
"ORF1b:V1092F",3
"ORF3a:V225I",4
"ORF7a:A79V",11
"S:T1009N",9
"ORF1a:T2007I",13
"ORF7b:E39*",12
"ORF1a:T78I",1
"ORF7a:E16*",1
"ORF1a:A3357T",1
"S:L1234F",4
"ORF1b:I1074V",2
"ORF1a:G392C",3
"ORF1a:N4167S",1
"S:A262S",1
"ORF1a:V306G",1
"S:G1167V",4
"ORF1a:F31L",1
"S:A1020S",1
"ORF1b:Q182H",1
"ORF1b:D1656N",1
"ORF1a:L3027F",2
"ORF1b:K1835N",1
"ORF7b:I23F",1
"ORF3a:Y107H",1
"ORF1a:L320I",1
"ORF1a:T3488I",1
"N:S318A",1
"ORF1b:R340S",1
"S:N641S",1
"N:P207S",1
"ORF1b:D1758N",2
"ORF1b:H604Q",2
"ORF7a:A13V",2
"ORF1b:S1898F",1
"ORF1a:F685L",1
"ORF1a:F1178L",2
"ORF1a:A3987S",1
"ORF1a:R1464Q",3
"ORF1a:V3283I",1
"ORF1b:T250I",8
"ORF1b:G1789S",8
"ORF3a:I118V",8
"ORF3a:T221A",10
"ORF1a:I3758V",7
"ORF8:L60W",2
"ORF3a:A110V",1
"ORF1b:V2091I",5
"ORF1b:S2379L",1
"ORF1a:R1530K",1
"ORF1a:D3416G",1
"S:K814R",1
"ORF1a:S34T",1
"ORF1a:G618V",1
"ORF1a:P926L",1
"ORF1a:A1997S",1
"ORF1a:L2371F",1
"ORF1a:L61F",2
"ORF1a:A339T",1
"ORF1a:S2822P",1
"ORF1a:G3546S",1
"ORF1b:V1840F",2
"ORF8:P93L",1
"N:A336V",1
"ORF6:L4R",1
"ORF3a:G254*",1
"ORF8:G66S",1
"ORF1b:Y2329H",2
"ORF1a:P2929S",1
"ORF7a:V74I",1
"M:D209Y",3
"ORF7a:Q90L",1
"ORF1a:R3368H",1
"ORF3a:V55I",1
"S:A372V",1
"S:R457K",1
"ORF1a:P80S",1
"ORF1a:K1051T",1
"ORF1a:I1276T",1
"S:G103V",1
"ORF1a:M2347I",1
"ORF1b:G661C",1
"ORF1b:R1577K",1
"ORF8:T87S",1
"S:A647S",1
"ORF1a:P943L",3
"ORF1a:T1269A",1
"ORF1a:E1909A",1
"ORF1a:S2731G",1
"ORF3a:K21N",1
"ORF8:Q72H",1
"ORF1a:E1251K",1
"N:L339F",1
"ORF1b:K1252R",1
"ORF1a:T554I",1
"ORF1b:E1728D",3
"ORF3a:S171L",1
"N:A251V",3
"E:F20L",1
"M:V88L",1
"ORF1a:H2520Y",4
"ORF3a:W193L",4
"S:L841F",1
"ORF1a:S100I",1
"S:K1191N",1
"ORF1a:L4F",1
"ORF1a:V1020A",1
"ORF3a:A59V",1
"S:D228H",2
"N:S79N",1
"ORF1a:K1860N",2
"ORF9b:V76I",1
"S:E1195Q",1
"ORF1b:L1248F",1
"S:S71F",2
"ORF8:V5G",1
"ORF1a:V852L",1
"ORF1b:T76A",1
"ORF1b:I2194V",1
"ORF1a:A2249V",2
"ORF8:D63G",1
"M:T175M",1
"ORF1a:K1655N",1
"ORF1a:S2313F",1
"ORF1a:T2906I",1
"ORF9b:R47L",1
"ORF1b:I2566M",1
"ORF1b:K1388N",1
"ORF1b:A397V",1
"ORF1a:Y836H",1
"ORF3a:V273L",7
"ORF1b:A625D",3
"ORF1a:E1413D",1
"ORF1a:T2016I",3
"M:V23A",1
"ORF1b:L2492F",1
"ORF1a:G4374C",4
"ORF1a:T770I",1
"ORF7a:C35F",1
"ORF1a:C420Y",2
"ORF1a:K1219E",1
"N:T391I",14
"ORF3a:D173N",3
"ORF1b:M2322V",1
"ORF3a:M260I",2
"ORF1a:Y1920H",1
"ORF1a:P1541S",1
"ORF1a:V3690L",1
"N:Q7K",1
"ORF1a:D4275N",2
"ORF1a:S1743P",1
"ORF1a:A3357V",1
"ORF1a:A3969T",1
"ORF1b:P1936S",1
"ORF1b:S416F",2
"ORF1a:P804S",1
"ORF1a:Y3788C",3
"E:D72E",1
"M:V23L",1
"ORF1a:P361T",1
"S:W64L",1
"N:N11K",1
"ORF9b:M8K",1
"ORF1b:R65*",1
"ORF1b:T917A",1
"ORF7a:G70V",5
"ORF1b:Y256H",1
"ORF1a:N3824S",1
"S:Q52L",1
"ORF1b:A440V",5
"ORF1a:M2169I",1
"ORF1a:K1348N",1
"ORF3a:P240S",2
"ORF1a:P1096L",6
"M:H155Y",3
"ORF1a:T1788M",2
"ORF1a:L2240I",1
"ORF7b:W29*",1
"ORF1b:N482T",1
"ORF1a:D877G",1
"ORF3a:F207L",1
"ORF1b:V2236F",1
"ORF1a:C2160Y",1
"ORF3a:H78R",1
"ORF1a:S1520F",1
"ORF1a:R301Q",1
"ORF1a:S4398P",1
"ORF1a:A354V",1
"ORF8:T11A",1
"ORF6:N28I",1
"E:D72V",1
"ORF1a:Q22H",1
"ORF6:Q8H",1
"N:G44V",1
"ORF9b:V41F",1
"ORF1b:F2058C",1
"ORF1a:T2087I",1
"ORF3a:S216P",1
"ORF1a:I1274T",1
"ORF8:D35G",1
"ORF8:F120V",1
"ORF1b:A1895V",3
"ORF6:Q56H",1
"ORF1b:A1805V",4
"M:A85V",1
"ORF3a:S177T",1
"ORF1b:G662C",1
"ORF1b:N704K",1
"ORF1a:F2358V",1
"ORF1a:R3267K",1
"ORF1a:V756I",1
"ORF1a:G445S",1
"S:I666V",1
"ORF1a:V337F",6
"ORF1a:L3915F",2
"ORF1a:A372V",9
"N:T296N",1
"ORF9b:S50L",1
"ORF1a:Y2245H",4
"ORF1a:G493V",1
"S:L1203F",2
"ORF1a:F3635L",2
"ORF7a:P68H",1
"S:H1159R",1
"ORF1a:A3615S",1
"ORF1b:D1554E",1
"ORF1a:T987I",1
"ORF1b:N1025S",1
"N:K248N",1
"ORF1b:R123M",1
"ORF1b:D472G",1
"ORF1a:K247N",2
"ORF1a:I3140T",1
"ORF1a:A3625V",1
"ORF1b:F274S",1
"ORF1a:V1931L",1
"ORF8:Q29L",2
"ORF1b:A2145S",2
"ORF1a:S3673T",1
"ORF1a:K4348R",1
"ORF6:P57S",1
"ORF1b:D1028A",1
"S:A67V",2
"ORF1a:D3196G",1
"ORF1a:H110D",1
"ORF1a:I300M",1
"ORF1a:V2324I",2
"ORF1b:D1572N",1
"ORF1a:D3703E",1
"S:D830Y",1
"ORF1a:N2628S",1
"ORF6:R20S",1
"ORF1a:P2899L",1
"ORF1a:G638C",1
"ORF1a:T4355A",1
"S:T1273S",1
"ORF1a:L3591F",2
"ORF1a:S3885F",1
"ORF1a:T614I",2
"ORF1a:D2824Y",1
"ORF1a:V1629I",1
"ORF1a:P1950L",1
"ORF1a:V1565L",1
"ORF1a:A3610V",1
"ORF1a:I1153T",1
"ORF3a:A33S",8
"ORF1a:C2239S",1
"ORF1a:M3661V",3
"ORF1a:L107F",1
"N:Q418*",2
"ORF1b:T1621I",1
"S:T259A",1
"N:Q160L",1
"ORF1b:T1540I",3
"ORF1b:A1954V",1
"N:P162L",1
"ORF1a:Q1129R",1
"ORF7a:L102F",1
"ORF7a:S81P",1
"ORF1a:I2346T",2
"ORF1a:T1000I",1
"ORF1a:E1633G",2
"ORF1a:G133D",1
"ORF1a:Q998H",1
"ORF1a:A2080V",2
"ORF1a:E1311D",1
"ORF1a:L2146F",5
"ORF3a:V112F",2
"ORF1a:P197H",1
"N:S412N",1
"S:D1084A",1
"N:D216E",1
"ORF1b:N2683S",1
"N:G34W",1
"ORF1a:F536S",4
"ORF1a:I1153V",2
"ORF9b:A75V",1
"ORF1a:K1956N",1
"ORF1b:D729Y",1
"ORF8:Y111C",1
"ORF1a:E4019D",1
"ORF7a:S98P",1
"ORF1a:E933K",1
"ORF1b:V1840I",1
"S:R21K",1
"S:A879V",1
"N:G204R",1
"ORF1a:T1876N",3
"ORF1a:I3738T",2
"N:E290D",1
"ORF1b:N1587T",1
"ORF1a:P1018L",1
"ORF1a:D1282A",1
"ORF1b:A1643V",1
"N:R203K",1
"ORF1a:A354T",1
"ORF1a:S1195I",1
"ORF1a:E472G",1
"N:A152S",1
"N:V392L",1
"ORF1a:P2302S",1
"ORF1a:G2073V",1
"ORF7b:M1I",1
"ORF7b:I2N",1
"S:R847T",1
"S:D843Y",1
"ORF8:D113Y",1
"S:Q836E",1
"ORF1a:I3369V",2
"S:V70F",2
"ORF1a:L2781F",1
"ORF1a:E4097K",11
"S:A890V",11
"ORF1b:K1863T",1
"N:K249R",1
"S:M1229I",2
"ORF1b:V1418A",2
"S:S704A",2
"ORF1a:S142L",1
"S:S71Y",1
"ORF1a:E3965A",1
"ORF1a:N2523D",2
"ORF1b:T1739I",1
"ORF1a:I476T",1
"ORF1a:G661V",1
"ORF1b:P1161S",1
"S:P792Q",1
"ORF1a:G146D",1
"ORF1a:L2688I",1
"ORF1a:I659V",1
"ORF1b:S2338L",1
"ORF1b:K1383E",1
"ORF7a:S81L",1
"ORF1a:S1515F",1
"ORF1a:T4300I",1
"S:D574Y",2
"ORF1b:T1424I",1
"ORF1a:P927S",1
"ORF1a:P193S",1
"ORF1b:A2222V",2
"S:Q1113K",1
"ORF1a:E2268K",1
"ORF8:K68*",1
"S:G199C",1
"ORF1a:P1220H",3
"ORF3a:V50F",3
"N:R40H",1
"ORF9b:V37I",1
"ORF1a:V303F",1
"ORF1a:Q4100H",1
"ORF1a:G209S",1
"ORF1b:P103S",1
"ORF1a:F1925L",1
"ORF1a:T3567I",1
"S:L118F",1
"ORF1a:S723F",2
"ORF1b:T1574I",43
"ORF1b:I2219T",1
"ORF1a:I1360S",1
"ORF1a:A76S",2
"M:L17F",1
"N:M322I",1
"ORF1a:A3270S",2
"ORF8:V114L",1
"ORF9b:S63F",1
"ORF1b:D472Y",1
"S:T732I",1
"S:E309G",1
"ORF1a:V660I",3
"ORF1b:V1116L",1
"ORF3a:E226K",1
"ORF1a:G1307V",1
"S:S477G",3
"ORF1a:S167N",3
"ORF1a:Q4151R",1
"S:G1085E",1
"ORF1a:E91Q",1
"N:T16M",1
"ORF1a:F2334L",1
"ORF9b:R13C",1
"ORF1a:V2324A",1
"N:R89T",1
"ORF9b:E86Q",1
"ORF1a:T4368A",1
"ORF1a:I3145N",1
"ORF1a:A3260S",1
"ORF1a:L1853F",1
"ORF1a:V3053I",1
"ORF1b:H2010R",1
"ORF1a:N2065S",1
"ORF1b:L2523F",1
"ORF6:D61G",1
"ORF1b:V290F",1
"ORF1a:A3023V",1
"ORF1a:R73H",1
"S:A1222S",1
"S:P174S",1
"S:S640F",1
"ORF9b:E90V",1
"ORF3a:V255F",1
"ORF1b:D815Y",1
"S:G181E",1
"ORF7a:E95K",22
"ORF1a:T1241A",1
"ORF1b:D1869Y",1
"ORF1a:L64F",2
"ORF7a:E91D",1
"S:K795N",2
"ORF1b:T2490M",1
"ORF1a:V3560I",1
"ORF1a:R579G",1
"ORF1a:N2140D",1
"ORF1a:P4120L",1
"ORF1a:A2593V",1
"N:D377C",1
"ORF1a:S3344F",1
"ORF1b:P1001S",1
"ORF1a:D33G",1
"ORF3a:E102G",1
"ORF1b:S997A",2
"ORF8:F6C",3
"ORF1b:A1312T",1
"ORF1a:Y1975C",1
"ORF1a:T214I",40
"ORF1a:P380L",1
"ORF1b:D349G",1
"ORF1a:P271S",2
"S:D1118Y",2
"ORF1b:D508G",1
"ORF1a:P3371L",1
"ORF1a:A3220T",1
"ORF1b:G1824C",19
"ORF3a:G11*",1
"ORF1a:E637D",1
"ORF7a:A50V",1
"ORF1a:G415V",1
"ORF1a:T340I",1
"S:Q14H",1
"ORF1b:D1914N",1
"ORF1b:S2399N",1
"M:D209H",7
"ORF1a:N189K",9
"ORF1a:A1043V",9
"ORF1a:P4223L",1
"ORF8:A65V",2
"ORF1a:I523V",39
"ORF1a:P305L",11
"ORF1a:M2590I",1
"N:G236V",1
"ORF1a:I4308T",1
"ORF1a:S2517A",1
"ORF1b:N159S",1
"ORF1b:Q2238H",2
"ORF1b:D979E",1
"S:N501Y",1
"N:G212D",1
"N:I94V",1
"ORF1a:N840D",1
"ORF3a:T89I",2
"N:G321D",2
"ORF1b:M592I",1
"S:E516Q",1
"N:K355T",1
"ORF1a:E1192V",1
"ORF3a:I63T",1
"ORF1b:K2111N",1
"ORF9b:T24I",1
"ORF1a:W630C",1
"ORF1b:P1157S",1
"ORF1a:M3280I",1
"ORF1a:C213F",1
"ORF7a:L5F",4
"ORF3a:T271P",7
"ORF1a:E2918A",1
"M:R174L",1
"ORF1a:L3516F",1
"ORF1b:G404C",1
"N:S187P",1
"ORF1a:W2769L",1
"ORF1b:Q1546H",1
"ORF1b:E601G",1
"ORF8:Q27K",1
"ORF8:T26N",1
"ORF1a:L1434I",5
"N:L230F",9
"S:V70I",7
"ORF1a:V1020I",3
"ORF1b:H1619Y",3
"ORF1a:T4217I",1
"ORF1b:T11A",2
"ORF1a:M902I",1
"ORF1a:A4257V",1
"ORF1b:V1905L",1
"M:A188S",3
"S:A846V",1
"S:E1111A",1
"ORF1a:S3099L",4
"ORF8:D119V",1
"ORF8:F120*",1
"ORF1a:C2165Y",1
"ORF1a:D2592E",1
"ORF1a:Y1906H",1
"N:R14H",1
"N:R319H",1
"ORF1a:S2926P",1
"ORF6:T10N",1
"ORF9b:A11T",1
"S:D1153G",1
"ORF1b:L820F",1
"ORF7a:P99L",1
"S:S45A",1
"ORF1a:P3447S",1
"ORF1a:P2055S",2
"ORF1a:R3561G",1
"ORF1a:T4161I",1
"ORF1a:V1056A",1
"ORF1b:F213L",5
"ORF3a:F120C",5
"ORF1a:D928H",1
"ORF1b:V2216F",1
"ORF1a:M2410T",1
"S:L1141F",1
"ORF1a:D795N",1
"ORF6:L4F",1
"ORF3a:K75N",4
"ORF1b:V2199I",18
"S:G181A",15
"ORF1b:E720D",1
"ORF7a:T61N",1
"ORF7a:R118I",3
"ORF7b:S5L",1
"ORF1a:A1146P",1
"ORF1b:E1808G",1
"ORF1b:P314F",1
"ORF1a:G7S",1
"ORF1a:K3351N",1
"S:S689R",1
"E:V62F",1
"ORF1a:M174L",1
"ORF1a:Q1021R",1
"ORF1a:M806I",1
"ORF1a:A3697V",2
"ORF1b:D2617E",1
"ORF7a:Y75*",1
"ORF1a:E750A",2
"ORF1a:P1921L",1
"ORF8:T80I",5
"ORF8:P85L",1
"ORF3a:V256F",1
"ORF1a:V3689M",3
"ORF7a:Y40H",2
"ORF1a:S3949N",1
"ORF1b:V1811F",1
"ORF1a:T4368I",1
"ORF1a:E172D",1
"ORF1b:P1675L",1
"ORF1b:N772S",1
"ORF1a:L2105F",1
"ORF7a:P48S",2
"ORF1a:A2614V",2
"ORF1a:V288F",1
"ORF1a:R1628C",3
"ORF1a:K958E",1
"ORF1a:E745V",1
"ORF7a:S83P",1
"ORF1a:A2618V",2
"ORF1a:M3129V",1
"S:D1153Y",1
"ORF1b:M2667I",1
"ORF8:F3S",1
"ORF1a:P2483L",1
"ORF1a:V2646I",1
"ORF1a:R2949H",2
"S:I472V",1
"ORF1b:T1048I",1
"ORF3a:R134H",1
"ORF1a:Y1354H",2
"ORF3a:T268M",1
"ORF1a:I1301V",1
"ORF1a:M2719T",1
"S:V62L",1
"ORF1a:A3235S",3
"ORF1a:G4374V",1
"ORF7a:C15F",1
"N:L161F",3
"ORF1b:I1611V",1
"ORF3a:T32I",2
"ORF1b:V1133I",1
"ORF7a:P84S",2
"S:T124N",1
"ORF1a:F1928I",1
"ORF1a:L3495F",1
"ORF1a:L3338F",1
"ORF1a:S2313P",1
"ORF1a:G524D",1
"ORF1a:A3889S",1
"ORF3a:V88L",2
"S:A520S",1
"ORF1a:V4102L",1
"ORF1a:T4207I",2
"ORF1b:V1564I",1
"S:A852V",1
"ORF3a:H182Q",2
"ORF1a:D1513G",1
"ORF1a:Q2476H",1
"ORF3a:D238N",1
"ORF1a:T1617A",1
"ORF1b:S375Y",1
"ORF1a:P361L",4
"ORF1a:G192S",1
"S:T553I",1
"ORF1a:H1264Y",1
"ORF1a:P1640H",5
"ORF1a:F1867L",1
"ORF1a:A4068V",1
"S:A222F",1
"M:R186C",1
"ORF1a:I880V",1
"ORF3a:Q57H",2
"ORF1a:G82D",8
"ORF6:D61N",4
"ORF1b:Q866L",1
"S:I1210V",1
"ORF1a:Y3074H",1
"S:D843N",1
"ORF1a:K202R",1
"M:E11A",1
"ORF1a:F3018L",1
"ORF3a:P25L",1
"E:A22V",1
"ORF1b:A37S",2
"ORF7b:E3V",1
"ORF1b:V464I",1
"ORF3a:C130S",1
"ORF1a:L2333F",1
"ORF1b:P976L",1
"ORF1b:S1985A",1
"ORF1b:S2292G",2
"ORF1b:A1662V",1
"ORF1a:V3925I",1
"ORF1a:E1499G",1
"ORF1a:A1060V",1
"ORF1a:T1017I",1
"ORF1a:I1232V",1
"ORF1a:G1068R",1
"ORF1b:R2613S",1
"ORF1a:W2014R",1
"ORF1a:M2169R",1
"ORF1a:A2832V",1
"ORF1a:R2841H",1
"ORF1a:S167R",1
"ORF6:E13A",1
"ORF1a:A1316V",1
"ORF1a:T1626A",1
"ORF1a:K1883I",5
"ORF9b:E65G",5
"ORF1a:M1771V",1
"ORF1b:A1662S",3
"ORF1b:S1187R",1
"S:T588I",1
"ORF1b:G219C",1
"ORF1a:L61M",1
"ORF1a:C270Y",1
"N:P279S",5
"S:A27V",1
"M:A83T",2
"ORF1a:R171L",1
"ORF1b:D468N",1
"ORF1a:P197S",1
"N:T362K",1
"ORF1a:V2588I",1
"ORF1b:Q1011R",1
"ORF1a:N1436S",1
"ORF1a:V2996F",1
"ORF1b:M1573I",1
"ORF6:K42N",1
"ORF1b:G662I",1
"S:R246T",1
"S:R246K",4
"ORF1b:R1365Q",1
"ORF1b:G977S",1
