"X.M.I82T.","t.freq."
"M:I82T",421
"ORF1a:N375K",1
"ORF1a:D953N",1
"ORF1a:E1196V",421
"ORF1a:K2511N",421
"ORF1a:T2936I",421
"ORF1a:L3027F",1
"ORF1a:A3209V",421
"ORF1a:T3284I",421
"ORF1b:P314L",421
"ORF1b:V2371M",420
"ORF1b:A2513S",421
"ORF8:E106*",421
"S:T95I",420
"S:E484K",419
"S:D614G",421
"S:P681H",421
"S:D796H",419
"N:R203K",414
"N:G204R",414
"N:R209G",420
"ORF1a:M3862T",420
"N:R385I",1
"ORF1a:E931G",3
"ORF1a:G1101V",5
"ORF1a:T1542I",1
"ORF3a:T151I",1
"ORF1a:R1170H",4
"ORF6:P57S",7
"ORF1a:A1851V",1
"S:G446V",1
"ORF1a:L277S",1
"ORF1a:P193L",12
"ORF1a:L1145F",3
"ORF1a:K2029N",3
"ORF1b:M2025I",3
"ORF6:R20S",3
"S:G1131A",2
"ORF1b:P1427L",3
"S:H49Y",15
"ORF8:V116F",2
"S:T240I",1
"N:D22G",2
"ORF9b:I19V",2
"ORF1b:S2338L",1
"ORF1b:R1687C",1
"ORF1a:R2875H",3
"ORF8:R101L",2
"ORF1b:G2197S",2
"ORF1a:A2355S",21
"ORF1a:G440R",2
"ORF1a:S3983F",1
"ORF1a:L2333I",5
"ORF1a:V1629F",3
"M:T30I",1
"ORF1a:T224I",16
"S:M177I",12
"S:A222V",34
"ORF1a:L204F",1
"ORF1a:F3085S",1
"ORF1a:K3353N",1
"ORF1a:T1303I",2
"N:G30R",1
"ORF9b:M26I",1
"ORF1a:L3086F",1
"ORF8:R115L",2
"ORF1a:R1225I",9
"ORF1a:A1679V",2
"S:A771S",1
"M:M109I",3
"ORF1b:M1352I",3
"ORF1b:R2189C",3
"ORF3a:F207L",3
"S:P9S",1
"M:V70F",1
"N:T379I",1
"ORF1a:T2183I",3
"S:L1063F",1
"ORF1b:A1643V",4
"S:L54F",1
"N:T24I",1
"ORF1a:Q3826H",1
"ORF1a:A1283V",2
"ORF1a:S443P",1
"ORF1b:K2367N",1
"ORF3a:K75N",1
"ORF1a:V111L",1
"ORF1a:P971S",1
"S:E583D",3
"S:L5F",3
"N:D297Y",2
"S:A871S",3
"N:D348H",1
"ORF1b:M1197I",1
"ORF1a:F3603L",1
"S:A27V",1
"ORF1a:T551I",1
"ORF1b:P218L",1
"ORF1a:E1209D",3
"ORF1b:D1130G",1
"ORF1b:H1213Y",1
"S:T572I",1
"ORF1b:H2285Y",2
"S:P1162S",1
"ORF1a:G3676S",5
"ORF1a:F3677L",5
"ORF6:E46A",3
"ORF7b:*44Y",8
"N:A208P",3
"N:P383L",1
"ORF8:F3Y",2
"M:L93F",1
"ORF8:A65S",2
"ORF1a:L3606F",1
"ORF1a:S2255F",1
"ORF1b:V464F",2
"ORF3a:P104L",4
"ORF7a:V24F",5
"ORF3a:D27Y",1
"ORF1a:S538L",7
"ORF1a:S318L",1
"ORF1a:N2201S",2
"ORF1a:T2124I",1
"ORF3a:V237F",1
"ORF1a:T2300I",6
"M:V23L",1
"S:I931V",1
"ORF7b:L32F",2
"ORF6:I14V",1
"ORF1a:N1335S",1
"ORF1a:P3767S",1
"ORF1a:P309S",1
"ORF3a:A59T",1
"ORF3a:L140F",1
"ORF1a:A2821V",1
"ORF8:P38S",7
"ORF1a:D981A",1
"ORF1a:V1299L",1
"ORF1b:S1182L",1
"ORF1b:A1215S",1
"ORF8:A65V",1
"ORF1a:K1305N",1
"M:T127A",2
"ORF1a:T4202I",1
"ORF3a:T229I",1
"N:G18V",2
"ORF9b:V15L",2
"ORF1a:T1881I",1
"ORF6:W27L",1
"ORF1b:A1215V",1
"ORF1a:A1352V",4
"ORF1b:L1698F",2
"N:S235F",1
"N:D399Y",2
"ORF1b:P1427S",1
"ORF1b:D1183Y",2
"M:S212G",3
"ORF1b:A370V",1
"ORF1a:A3392V",1
"ORF1b:D1825G",2
"ORF7a:P45L",4
"ORF7a:P99S",2
"ORF1a:G295D",3
"ORF1a:S142L",2
"ORF1a:G415S",1
"ORF1a:T4364I",1
"ORF1a:A2575V",1
"ORF1a:P926H",1
"N:S21P",1
"ORF1a:I740T",1
"ORF1b:V87L",1
"S:W152L",1
"ORF1a:T727I",2
"ORF1b:E1242G",2
"ORF1a:I3944V",1
"ORF1b:D2270Y",1
"N:E378V",1
"ORF1b:A167T",1
"ORF1a:A498V",1
"ORF1b:V87I",4
"ORF1a:M2796I",3
"ORF1a:V2703A",1
"ORF1a:S391F",1
"ORF8:S82P",3
"ORF1a:K11R",1
"ORF1b:Q813H",1
"ORF1a:Q998H",1
"M:L87F",2
"S:H625Y",2
"ORF1b:K2557R",1
